rank,publisher_primary,game_count,scale_reach_score,quality_score,engagement_score,momentum_score,overall_score
1,Valve,36,0.9158921865635113,0.915982630710754,0.9385749385749386,0.0,0.7830720422254429
2,Coffee Stain Publishing,13,0.7433754582342671,0.9192777499172354,0.9656019656019657,0.2531194006616129,0.7670530385767992
3,PlayStation Publishing LLC,18,0.7360198031856569,0.8365172112988634,0.9754299754299754,0.40532012663344513,0.7644461085856509
4,"CAPCOM Co., Ltd.",41,0.6580200269995072,0.8353520064333331,0.9901719901719902,0.4085154904390525,0.7402243329800834
5,Bandai Namco Entertainment,25,0.5979318630940145,0.8185585511866312,0.995085995085995,0.438325516910148,0.7196097439926157
6,Xbox Game Studios,57,0.6502594628658107,0.8408727267219145,0.9705159705159704,0.24567100382642754,0.7108064746967663
7,Hooded Horse,14,0.5193664773635147,0.8428951196151281,0.9852579852579852,0.5245855548571147,0.7103862332419327
8,Electronic Arts,105,0.6545372863923667,0.7408576295617584,0.9926289926289926,0.3756544480101853,0.7062193048331822
9,Klei Entertainment,12,0.6861038085880562,0.9127320734482821,0.9226044226044228,0.0,0.6984768395611889
10,Raw Fury,49,0.5244527972662119,0.8277585274012882,0.972972972972973,0.39540643319959573,0.6857915968380945
11,Frontier Developments,11,0.6186211100737659,0.7705561731704735,0.9815724815724816,0.27829422583643815,0.6857428706669221
12,Warner Bros. Games,17,0.664011163407614,0.6950044636385924,0.993857493857494,0.27429012635927363,0.6808202640096324
13,Arc Games,13,0.6360034465584204,0.7745887347284739,0.92014742014742,0.2531194006616129,0.6769752208427152
14,New Blood Interactive,10,0.5404088530652988,0.972253327476558,0.8095823095823096,0.21086420599998593,0.6743651896322819
15,IndieArk,14,0.33960863160353405,0.8519238595727043,0.8955773955773956,0.7754144451428853,0.6698678248199601
16,SEGA,222,0.5196050774834984,0.8240939584427713,0.9717444717444718,0.29912286932246424,0.6683072893993197
17,Ubisoft,151,0.5943066451492844,0.7230105656855605,0.968058968058968,0.33127706157547354,0.6682138483560324
18,Team17,45,0.5250614031086129,0.7438126808057852,0.9250614250614252,0.5011048513044463,0.6670933080377022
19,Private Division,11,0.567198660388646,0.7442918884787091,0.907862407862408,0.42092040982729584,0.6665176407262148
20,11 bit studios,19,0.5484479849019979,0.7875840251103132,0.92997542997543,0.30608787394212844,0.6601402693351984
21,2K,84,0.6033257075335574,0.7099999601924958,0.9987714987714988,0.22198679330011178,0.6572163044438103
22,Bethesda Softworks,66,0.6425392835785306,0.7583397833267946,0.8771498771498771,0.19364768255456863,0.6568678120636848
23,Rockstar Games,18,0.6509809785651888,0.7461740204631098,0.85995085995086,0.2146578622000745,0.6558843999569322
24,Yogscast Games,18,0.39452081291884367,0.8181892992151372,0.8894348894348895,0.612142253641152,0.6532473902192871
25,Square Enix,161,0.5139835250946512,0.7340327622990741,0.9864864864864864,0.3413185493452938,0.6485991421719415
26,2 Left Thumbs,15,0.271710241065706,0.9306474966121496,0.8820638820638821,0.6455220682000604,0.6475339199994274
27,WB Games,10,0.6143498884432994,0.8172695919227988,0.9348894348894348,0.0,0.6471812255098814
28,Devolver Digital,132,0.5072206218945605,0.8487376060307107,0.8071253071253072,0.3341351543347493,0.6436938340475832
29,Annapurna Interactive,32,0.5144982366413954,0.8771680751548026,0.7714987714987716,0.3032367933001118,0.6430100786657001
30,HypeTrain Digital,26,0.45294281336635156,0.8235024044809266,0.9447174447174448,0.2994041953615293,0.6394348242702194
31,KONAMI,36,0.48554183846506815,0.7260374749216529,0.9803439803439804,0.3649921835768146,0.6385685095445881
32,Skybound Games,15,0.501367927055485,0.8517221481473585,0.7223587223587223,0.40094265689999087,0.6356085619203704
33,PlayWay S.A.,79,0.4107340417971802,0.777858110110955,0.945945945945946,0.45934460246270825,0.635205227220895
34,Activision,65,0.6194969499245658,0.7436739522990881,0.8144963144963145,0.19434698325386934,0.6319774285506679
35,Dire Wolf,12,0.34656453906103313,0.8753085427315277,0.9791154791154792,0.33311365577103835,0.6296802956795715
36,"Spike Chunsoft Co., Ltd.",52,0.36237037237026337,0.8429167806414573,0.9594594594594594,0.3855163233094858,0.6294240049103441
37,Humble Games,46,0.4421309005572825,0.8180486256818789,0.8845208845208845,0.3490003290696257,0.6294146291642333
38,Focus Entertainment,66,0.5038098110625556,0.7127016265633126,0.9373464373464372,0.33645340618184627,0.6280812202374526
39,Future Friends Games,10,0.3464055699261567,0.8687089863433944,0.8869778869778869,0.4481931371000232,0.626479193337754
40,Tripwire Interactive,15,0.5724103232960757,0.8336065056838458,0.8746928746928747,0.0,0.6253641397973552
41,Gamera Games,52,0.3574536953998644,0.7657751925276359,0.977886977886978,0.48257609366920756,0.6228051607760201
42,Secret Mode,14,0.3960403338428039,0.8187809638363904,0.871007371007371,0.41808551404284794,0.6211627073038
43,Goblinz Publishing,27,0.4048846577564952,0.7068471693605192,0.9557739557739556,0.5071604768889169,0.6209926437110578
44,NEOWIZ,14,0.4901190866889042,0.7823948876744692,0.8832923832923832,0.24322929077150302,0.6194030169176593
45,Ravenage Games,16,0.2988454228205271,0.7388062059454996,0.9004914004914005,0.7489778617710243,0.6186827191347681
46,Paradox Interactive,87,0.5421077266945914,0.708038109228816,0.9287469287469288,0.20232196724481846,0.6182468179478603
47,OKJOY,10,0.2417734010897714,0.8466942700846141,0.8968058968058968,0.6617284119999719,0.6172494125679794
48,Thunderful Publishing,21,0.3392936747650709,0.8237520794726891,0.9422604422604424,0.4102998405714004,0.6158754745473801
49,Alawar,15,0.4681302075774538,0.7882790987227956,0.8562653562653563,0.2931136557710383,0.6155494218876745
50,Playtonic Friends,10,0.31860784233575046,0.8923402713793778,0.8918918918918919,0.3731136557710384,0.6135602529753601
51,Curve Games,37,0.5441069354689418,0.7452069358333718,0.8181818181818182,0.22927421818110427,0.6120270045276706
52,HIKARI FIELD,44,0.2165294438964537,0.9680443744042457,0.9324324324324323,0.39554431527275535,0.6120167514624323
53,Kitfox Games,12,0.47858802260834443,0.8199061526277152,0.8476658476658476,0.19086420599998588,0.6116404541344026
54,Fireshine Games,16,0.376657529983179,0.7188712221155806,0.9582309582309584,0.48172841199997185,0.6113969555749743
55,Deep Silver,47,0.5708517923515515,0.6536787376147242,0.8292383292383292,0.32598509137823306,0.610647178161861
56,tinyBuild,101,0.4435633831753953,0.7639533568215433,0.8538083538083538,0.36064280509982577,0.6092912826844961
57,2P Games,21,0.27764781423998813,0.8152422423807946,0.8427518427518428,0.6578871529715776,0.6089828491943394
58,Gearbox Publishing,14,0.5741946852013081,0.7451546902529393,0.7346437346437347,0.24322929077150302,0.6079276874408119
59,Crystal Dynamics,19,0.5736998370630236,0.7992521558305532,0.8341523341523341,0.0,0.6074010565516911
60,Armor Games Studios,42,0.34831334306348766,0.8895470177778747,0.8329238329238329,0.3411826597672908,0.6065359409554434
61,Funcom,16,0.5318955501800305,0.7386262834296693,0.8685503685503686,0.16586420599998591,0.6063410322019831
62,Akupara Games,32,0.3813883201525116,0.8240095524038953,0.9115479115479116,0.27344265689999087,0.6040147586191286
63,BANDAI NAMCO Entertainment,67,0.5152294204545502,0.7498740399674017,0.9766584766584766,0.0,0.6006242044810084
64,Thermite Games,10,0.4177645563944329,0.7464917756195263,0.7432432432432432,0.5209426568999909,0.5969551746075568
65,Bohemia Interactive,34,0.5228620618526255,0.6358626935573181,0.952088452088452,0.20370189106515602,0.5947335037930782
66,WhisperGames,14,0.2826080792822157,0.8540850158859292,0.9643734643734644,0.30454222719960977,0.5936943594691887
67,Kalypso Media,17,0.4817702585092321,0.65710658318132,0.9336609336609336,0.27429012635927363,0.593627271118705
68,NekoNyan Ltd.,27,0.19900626527180984,0.9258940497947704,0.9496314496314496,0.3595061897777496,0.5912726261765169
69,indie.io,68,0.2753000536097619,0.7322126862866546,0.8624078624078624,0.6816701935469949,0.5907509261630348
70,Introversion Software,12,0.460184650666298,0.7854343614143092,0.8243243243243243,0.19086420599998588,0.5901894319223598
71,Mango Party,55,0.07610118952901446,0.8287145470644591,0.9975429975429976,0.7692637764346955,0.5901479464282966
72,Crytivo,27,0.27406348361541233,0.7554863833819332,1.0,0.4499665126445049,0.59006311117665
73,Lucasfilm,11,0.5128838801024322,0.8842204648504692,0.7235872235872236,0.0,0.5894929422084367
74,Maximum Entertainment,37,0.28029169050448266,0.7411979261968347,0.9275184275184276,0.5558796260792209,0.589347098951188
75,Vertigo Games,19,0.32904612114546056,0.7452319242740241,0.9889434889434888,0.35041634111051717,0.5890868686383938
76,"T-Time Technology CO., LTD.",13,0.14824588628785706,0.7540440854428304,0.9312039312039312,0.8182715880000281,0.5870808102743895
77,FireFly Studios,12,0.5402111681226092,0.6968789492784757,0.8636363636363636,0.10732893110003722,0.5869642060187341
78,Coatsink,15,0.3253335414055782,0.8417967504456116,0.9238329238329238,0.2346578622000745,0.5863710287222318
79,"Kairosoft Co., Ltd",54,0.14619178959171128,0.8387963716108711,0.9545454545454546,0.6173521122675614,0.5863179455895854
80,505 Games,48,0.499331157698262,0.675816523609094,0.8574938574938575,0.2359426568999909,0.58440103231089
81,Daedalic Entertainment,92,0.4474507955796617,0.7469564999751928,0.757985257985258,0.33867770168695976,0.5830934352955349
82,Chucklefish,12,0.542528412502577,0.7289768380252373,0.7174447174447175,0.19086420599998588,0.5806965701724145
83,THQ Nordic,145,0.4603008913904012,0.7083033150095839,0.8402948402948403,0.2510393095793708,0.5793111709853892
84,DreadXP,18,0.2801032307308021,0.8831218708543572,0.7137592137592138,0.49044258687107567,0.5792909227945922
85,No More Robots,14,0.3912450746905949,0.8362305372623147,0.7628992628992629,0.24322929077150302,0.5768691835159806
86,MDickie,11,0.13641460495179727,0.8922317254038219,0.941031941031941,0.4882153841727181,0.5768533251865715
87,Warner Bros. Interactive Entertainment,33,0.5584110561384723,0.7860567383561119,0.7272727272727273,0.0,0.5767154366098444
88,Zachtronics,17,0.37740004322607357,0.9038883996798052,0.8648648648648649,0.0,0.5762295080060402
89,Untold Tales,36,0.29455297219750537,0.775097118083383,0.8587223587223587,0.4573111951043577,0.575963826704267
90,Destructive Creations,10,0.404358572013372,0.7322014917987454,0.914004914004914,0.21086420599998593,0.5756165614452845
91,Twin Sails Interactive,25,0.3488468313745143,0.6976873941744113,0.957002457002457,0.33998679330011183,0.5738011196289116
92,"Nicalis, Inc.",21,0.5325968154465633,0.7871106333631506,0.6412776412776413,0.14800706314284306,0.5729986631421972
93,Stardock Entertainment,21,0.45309656143709187,0.6521714597512418,0.9398034398034398,0.2003721479143602,0.5722517445761968
94,Good Shepherd Entertainment,33,0.427962685786081,0.7822225279351334,0.8108108108108109,0.16920331674552908,0.5719963580796599
95,SNEG,47,0.161016762321685,0.7826220748516405,0.898034398034398,0.6669975023384833,0.570798994225734
96,Idea Factory International,30,0.3254630003748379,0.7901877951327878,0.9054054054054054,0.24819313710002316,0.5692784403171142
97,SNK CORPORATION,30,0.3958500414659685,0.7890121940051067,0.8366093366093366,0.1746578622000745,0.5687717193664995
98,Kagura Games,154,0.21423627083966112,0.7468926574586525,0.9176904176904176,0.573769065963795,0.5686539354641299
99,"KOEI TECMO GAMES CO., LTD.",103,0.35643388373793866,0.7231906103181415,0.9877149877149876,0.19589411321067046,0.568636156928319
100,Rebellion,37,0.5070127361204447,0.7867379991332532,0.773955773955774,0.0,0.5682670121732863
101,Nacon,98,0.3737077004961126,0.5816174727287506,0.9606879606879608,0.4676922483219831,0.5675743663781543
102,Walter Machado,18,0.413106634262064,0.8671101908287375,0.8058968058968059,0.0,0.5658997404197048
103,Deck13,20,0.3204283065169673,0.7522245249464075,0.984029484029484,0.20465786220007454,0.5653218409007686
104,Apogee Entertainment,20,0.2637732160725596,0.8703811510667392,0.8267813267813268,0.2981931371000232,0.5635202068666864
105,072 Project,34,0.0872343070515535,0.7741253054431927,0.8439803439803439,0.874011747876511,0.5626674300785469
106,Team17 Digital Ltd,45,0.4272881730671879,0.7126279818765586,0.902948402948403,0.11753087266665257,0.5615585666261619
107,XSEED Games,60,0.3352647985351328,0.8127229928942403,0.8452088452088452,0.1981931371000232,0.5599303169623411
108,JAST,12,0.0892071279024236,0.8606296039758141,0.8673218673218673,0.6404425868710757,0.5589421374536273
109,Dear Villagers,41,0.3631689037486616,0.7598157988200214,0.6941031941031941,0.4288559105515121,0.5582028813614036
110,Milestone S.r.l.,42,0.32364261198758204,0.7197917622616155,0.9508599508599508,0.24665694261427656,0.55638297443827
111,"PopCap Games, Inc.",54,0.32826221629332836,0.9072774530446337,0.8415233415233415,0.0,0.5553796799207233
112,LucasArts,33,0.48428678313327017,0.8120233620276788,0.7100737100737101,0.0,0.5551221247196902
113,Hyperstrange,11,0.2720123487177667,0.8881458101001185,0.7493857493857494,0.27829422583643815,0.5532693488338695
114,MicroProse Software,30,0.31804524863534533,0.7236298540574151,0.8034398034398035,0.42552206820006044,0.5529210641575651
115,Wired Productions,19,0.34585954449231676,0.7065855793995839,0.8046683046683046,0.3930394248790592,0.5529160890577058
116,Dotemu,12,0.4029384370709561,0.7651320345425723,0.7653562653562653,0.19086420599998588,0.5522689473088572
117,Aspyr,14,0.37065539838327877,0.6450961429252067,0.9164619164619164,0.30454222719960977,0.5522319496840343
118,Fatshark,13,0.5179230945810197,0.6563447236857639,0.8697788697788698,0.0,0.55213227416486
119,Games Incubator,22,0.26067340898079167,0.676114242612943,0.936117936117936,0.47105278963742064,0.5519514715963603
120,"Jackbox Games, Inc.",27,0.3350252874413926,0.7713841749951917,0.9127764127764127,0.13530865044443033,0.551525683224992
121,Playmeow,53,0.10515956951797255,0.7412517691024089,0.918918918918919,0.7197259993644991,0.5509240637504718
122,L. Stotch,17,0.44658721440893284,0.838159931129973,0.7125307125307125,0.0,0.5502596468882608
123,Matthew Brown,10,0.29977756593879135,0.8736965461437947,0.8230958230958231,0.11732893110003724,0.5492496162058855
124,D3PUBLISHER,25,0.32430521700228887,0.6765557853879985,0.961916461916462,0.26819313710002324,0.5490858245154966
125,"USERJOY Technology Co., Ltd.",16,0.3561297483417638,0.750910283320759,0.9213759213759214,0.09482893110003723,0.5484180208560349
126,SOFTSTAR ENTERTAINMENT,27,0.28130484639141595,0.7490263218303475,0.9533169533169532,0.22200254465992725,0.5471283651484795
127,HeroCraft PC,13,0.32973185922380216,0.7527739278944405,0.699017199017199,0.43786573382306776,0.5467216289735628
128,GirlGames,11,0.3563446464202401,0.9285541985329373,0.5638820638820639,0.199955115090895,0.5460565658470122
129,Egosoft,10,0.49878685681036605,0.6739332531126221,0.8464373464373465,0.0,0.546042845104884
130,Waku Waku Games,14,0.0909925087397921,0.8298387231904547,0.855036855036855,0.6268969454815765,0.5458409078456712
131,"NIS America, Inc.",63,0.24381225675659665,0.766271040987464,0.9103194103194104,0.3102839729619652,0.543822080169225
132,PQube,68,0.26102510369172344,0.7094483783912768,0.8857493857493858,0.40235267314792467,0.5416960779315522
133,Eidos Interactive Corp.,11,0.5790656246047585,0.7262452618791015,0.6031941031941032,0.0,0.5411853678142167
134,方块游戏(CubeGame),31,0.24470391262259747,0.6554729432922196,0.9041769041769042,0.5196383050453104,0.5410693789977524
135,Finji,12,0.44152425685241714,0.8326854480380872,0.6818181818181818,0.0,0.5407027606734085
136,Quiet River,26,0.48402026229906514,0.9007340291712871,0.4447174447174447,0.08040585417696028,0.5406316676260918
137,Prime Matter,18,0.447002325953342,0.6004888938831817,0.7457002457002457,0.36094265689999083,0.539878929923672
138,Euphoric Brothers,10,0.3317518551714064,0.5912341007731625,0.8931203931203932,0.4481931371000232,0.539336428731023
139,"Top Hat Studios, Inc.",13,0.1715914603112716,0.8313444764973974,0.8206388206388207,0.43786573382306776,0.5392679782593885
140,EMIKA_GAMES,10,0.2167971160554378,0.8745909064810521,0.7782555282555282,0.2946578622000745,0.5381060475448357
141,OTAKU Plan,58,0.1702725214283984,0.7800431479239642,0.7764127764127764,0.594363606520435,0.5380454231377492
142,GrabTheGames,85,0.328506626121589,0.7628814446286518,0.769041769041769,0.2689137522042656,0.5379871691701453
143,Snapbreak,10,0.22741712776152584,0.7337197317913575,0.8525798525798526,0.4481931371000232,0.5374568553349153
144,Sekai Project,186,0.2265030922562984,0.855663641856149,0.7542997542997543,0.3370445476871945,0.5373918078595792
145,Frozenbyte,15,0.50140385108041,0.717263922360472,0.730958230958231,0.0,0.5368621707779313
146,Capcom,30,0.5215935459727271,0.7326231839546786,0.6707616707616708,0.0,0.5364970304291923
147,Hanabi Games,10,0.07158847708166079,0.8578530597256648,0.7211302211302212,0.7304425868710758,0.5362043171529863
148,Tate Multimedia,10,0.36749033775077633,0.6834611221351072,0.7285012285012284,0.3731136557710384,0.5353272489192054
149,Bonus Stage Publishing,15,0.15462050602159338,0.8055130580398572,0.7837837837837838,0.5504425868710756,0.5350942393069329
150,Shiravune,70,0.10508566308826975,0.8445041186808536,0.7530712530712531,0.6287207453554235,0.5350535801027146
151,Graffiti Games,19,0.34711338402128317,0.7478502715290364,0.7874692874692875,0.20939470430533763,0.5347478290058182
152,Neon Doctrine,19,0.4459365213011534,0.7581923862304161,0.597051597051597,0.20939470430533763,0.5343550233806486
153,Telltale,17,0.41286176546854375,0.8096697511237922,0.6609336609336609,0.09262304874709607,0.5334827327499245
154,NVLMaker,15,0.3064435205722201,0.9460098456170001,0.5823095823095823,0.17086420599998592,0.5331497332472914
155,PUNKCAKE Delicieux,14,0.17979722458665254,0.8656019098837485,0.5061425061425061,0.7264279679268663,0.5328022979879841
156,Slitherine Ltd.,121,0.2390147584801231,0.7228978543930975,0.9471744471744472,0.2827343979173835,0.5323695709084693
157,"Mediascape Co., Ltd.",28,0.18475506468314426,0.905312826703257,0.7862407862407862,0.25533599424288034,0.5318066770346668
158,DANGEN Entertainment,24,0.2606030998595612,0.8577012981583136,0.7383292383292384,0.23311365577103832,0.5311543704298439
159,Codemasters,22,0.505468147680744,0.685357908937716,0.742014742014742,0.0,0.5309241727725236
160,Fast Travel Games,12,0.21831253904380865,0.7001246634815469,0.7395577395577395,0.6404425868710757,0.5304247236520063
161,"INTI CREATES CO., LTD.",20,0.3043201800089928,0.8567349295944591,0.6425061425061425,0.2531136557710384,0.5300008187483695
162,Critical Bliss,29,0.0687086352084795,0.8563861907732369,0.9828009828009828,0.3472456533792822,0.5296109241220277
163,inXile Entertainment,11,0.4280661865592833,0.7334942936550901,0.7972972972972973,0.0,0.5293309128517356
164,JAST USA,23,0.21231494861876676,0.9229655764141423,0.8255528255528255,0.08341588762177636,0.5288228531946426
165,aNCHOR Inc.,11,0.15435588824870722,0.8809768731936677,0.9017199017199016,0.199955115090895,0.5286548704527625
166,NaipSoft,13,0.14924393652741208,0.8383277753543739,0.5098280098280098,0.8182715880000281,0.5284400505565126
167,Iceberg Interactive,66,0.29101574831713634,0.6425835565846281,0.9262899262899262,0.3212331627320611,0.5280735385541805
168,CI Games,14,0.5355880525477223,0.5955793519482846,0.7334152334152334,0.10018607395718007,0.5278405817528119
169,FIVE-BN GAMES,48,0.24811545128451823,0.8719633657210115,0.7371007371007371,0.2106931371000232,0.5274535356510357
170,Assemble Entertainment,59,0.3136639646760127,0.7212027734001594,0.7199017199017199,0.381858097281505,0.527402278229222
171,Voltage Inc.,14,0.04627150299892713,0.8576731317115933,0.6492628992628993,0.8239778617710243,0.5269462246813359
172,Serenity Forge,17,0.38700756345577597,0.7569621160165724,0.6154791154791155,0.27429012635927363,0.5267806240642074
173,Pixeljam,17,0.2311709536332998,0.8745596971338407,0.7506142506142506,0.220540215141251,0.526481625305845
174,Kink Master Studios,12,0.14682210255416606,0.8274362065501306,0.6093366093366094,0.698325516910148,0.5262347472628414
175,Schell Games,11,0.29989061676996187,0.8768385351653366,0.628992628992629,0.199955115090895,0.5238050694812477
176,Clouded Leopard Entertainment,16,0.14745453446505352,0.7992474860854952,0.9914004914004914,0.2271578622000745,0.5237371104985268
177,QubicGames,25,0.09429521855495723,0.7982819193671066,0.5995085995085995,0.8694711847411892,0.5228102999172652
178,Fellow Traveller,23,0.4001394638907532,0.8000301763830087,0.5614250614250614,0.1929187317652919,0.5212806873264723
179,Versus Evil,25,0.3820351173000871,0.6899216100068533,0.7002457002457002,0.26819313710002324,0.52096688467123
180,Momentum Games,12,0.0647696298369002,0.7941883116423591,0.9066339066339066,0.5219867933001119,0.5205506642574209
181,Aerosoft GmbH,44,0.3410979214839152,0.5404906361302948,0.9434889434889436,0.33468915327378435,0.5204326250473151
182,Clear River Games,18,0.06457757350822628,0.8159281791858124,0.6277641277641277,0.84352914373616,0.5194628015968724
183,MangaGamer,82,0.14726852544679403,0.8971293059426926,0.8132678132678133,0.24026499736582554,0.5193760879476221
184,Grey Alien Games,38,0.0747477005878611,0.8489395717197992,0.8882063882063882,0.4016159378516783,0.5187272350407205
185,Hook Games,17,0.3362897471278726,0.8472202131527891,0.7321867321867321,0.0,0.5183048218779385
186,INDIECN,24,0.2520943384563788,0.716733689374373,0.8378378378378378,0.3109426568999909,0.5174620913746106
187,"Rogue Games, Inc.",17,0.18503352372567966,0.7699326628787135,0.828009828009828,0.3727073627823438,0.5172496021869191
188,Merge Games,29,0.2996143486577042,0.7161260974027984,0.7481572481572482,0.31681437950700836,0.5168564578085368
189,Toplitz Productions,19,0.37014166168939977,0.5544718901889819,0.9090909090909092,0.25942944524472256,0.5166237472528747
190,Nightdive Studios,41,0.29266272639956675,0.7708854039818835,0.7678132678132679,0.19165024113689202,0.5160077651676008
191,Arc System Works,38,0.3441345059749221,0.6833675898662617,0.7800982800982801,0.2271405055210758,0.5155480858989187
192,Gotcha Gotcha Games,43,0.2367022818789199,0.7726496609119848,0.8611793611793612,0.1889276092594104,0.5152157105560012
193,PLAYISM,106,0.2904923786007767,0.7967119457280958,0.6904176904176904,0.2413859830974907,0.5149773517768623
194,Valkyrie Initiative,14,0.31643368085901014,0.6546322833602929,0.7665847665847666,0.36247885138573743,0.5148302543335553
195,G-MODE,47,0.0596573969994226,0.8077135784168377,0.7113022113022113,0.7280988658625187,0.5146694346146693
196,Coldwild Games,11,0.24572050550995894,0.8278666804711783,0.6891891891891891,0.27829422583643815,0.5139441527831426
197,Saikey Studios,14,0.08425784309476889,0.6447983191221792,0.8734643734643734,0.7754144451428853,0.5139347822841304
198,Movie Games S.A.,31,0.33678622129633384,0.6488727143214008,0.8488943488943489,0.21053301060974802,0.5138958131204691
199,Frontwing USA,37,0.1187841642564459,0.9024171761688901,0.7923832923832924,0.2855003068136253,0.5136013148391254
200,WayForward,18,0.3012163259244188,0.8267331512520248,0.6388206388206388,0.2146578622000745,0.513408466543293
201,Home Net Games,12,0.4168117427266582,0.7496462617792581,0.5675675675675675,0.19086420599998588,0.5129211329016192
202,Nukearts Studio,10,0.08929874133967827,0.9374885835928974,0.6105651105651105,0.5209426568999909,0.5127555551947773
203,Revolution Software Ltd,10,0.38409304323767435,0.7158136550866631,0.7248157248157249,0.11732893110003724,0.5117391462873355
204,Toge Productions,25,0.2671539595781437,0.8931896066754246,0.6326781326781327,0.13886420599998595,0.5088260252906021
205,Frogwares,20,0.43930177782326785,0.6623293808375477,0.714987714987715,0.08732893110003724,0.5085513191519565
206,Cyan Worlds Inc,13,0.3395747121492122,0.7396974360493745,0.7014742014742015,0.18317189830767822,0.5085310051080286
207,astragon Entertainment,29,0.4290366035727282,0.5785492491152979,0.7616707616707616,0.2158722764606935,0.5084425797883007
208,Phoenixx Inc.,20,0.10062963591427035,0.8472887961415975,0.8083538083538083,0.38198679330011176,0.5083757920782522
209,Double Fine Productions,14,0.5265718084111185,0.8029329702693281,0.4152334152334152,0.0,0.508226707071373
210,101XP,12,0.30292968841131646,0.7016145913123808,0.7592137592137592,0.26465786220007453,0.508051199510438
211,Best Place Apps,10,0.08858335113831736,0.858531746031746,0.6007371007371007,0.6617284119999719,0.5079703786553508
212,Outright Games Ltd.,49,0.16423103376033177,0.6748831539630362,0.8796068796068796,0.48042457919560266,0.5079308708057433
213,KOMODO,105,0.22337233795098999,0.7606917234718151,0.8157248157248157,0.2554683740530051,0.5078530545773049
214,Headup,54,0.32477391560602503,0.7032861463034623,0.7813267813267813,0.17755810021548277,0.5075557856508262
215,Jetdogs Studios,44,0.27460915509623995,0.7769176639279184,0.726044226044226,0.21637495528184136,0.5068535919631809
216,Telltale Games,14,0.41111492003586914,0.8216157507608208,0.5798525798525799,0.0,0.5063454632113165
217,QUByte Interactive,19,0.12911655038727707,0.7992520754998804,0.6597051597051597,0.5910896220622046,0.5055708905358738
218,Winged Cloud,52,0.2686565363716219,0.8104654248188057,0.6203931203931204,0.2942887407172295,0.5053913503619178
219,Atari,100,0.3021968879063371,0.6744045096336555,0.6953316953316954,0.38165444801018533,0.5044047699251815
220,Kasedo Games,15,0.3857946417945184,0.678491375879563,0.6977886977886978,0.17086420599998592,0.5037629078496878
221,qureate,18,0.0939452083508447,0.8229486714926932,0.8808353808353808,0.31485980376668987,0.5031614711026833
222,Chilla's Art,27,0.22405409073860671,0.7006144553198894,0.8501228501228502,0.2942759902333242,0.5027692369140478
223,Vaka Game Magazine,17,0.16191841815281316,0.8601483678180829,0.6842751842751843,0.3246637253353173,0.5002705523542439
224,indienova,21,0.20534520817935764,0.8572429380851048,0.6314496314496314,0.29105027995716604,0.49899117257180775
225,DSGame,23,0.35282571728455947,0.7097879492742749,0.5945945945945946,0.2786279197087188,0.497138492707105
226,Adamvision Studios,10,0.33371458113580377,0.9657372975637375,0.3642506142506142,0.11732893110003724,0.496970755181781
227,Spiderweb Software,20,0.2561887752261759,0.8917955180700774,0.6167076167076168,0.08732893110003724,0.49364558975671374
228,致意,11,0.2326498097277866,0.9132481504957786,0.5405405405405406,0.199955115090895,0.4935032539252012
229,Cotton Game,11,0.24037965738572067,0.794217543519606,0.644963144963145,0.27829422583643815,0.4931349060089788
230,PID Games,31,0.19279646988553065,0.7520665862775666,0.6216216216216216,0.4949456037065082,0.49166490522350625
231,Nival,10,0.41360084692233423,0.651299649541097,0.7518427518427518,0.0,0.49051874165369636
232,Whitethorn Games,18,0.27267055534919166,0.7672296197254269,0.6228501228501229,0.2664469891043717,0.49014065322552547
233,HandyGames,62,0.31844433365668545,0.6845839960114626,0.7186732186732187,0.19658023387421672,0.4900523943990549
234,10tons Ltd,18,0.3346270954390617,0.812843618535986,0.5773955773955773,0.09066226443337054,0.4900510241085885
235,Lovely Games,33,0.19780525820018274,0.6735890211832036,0.6302211302211302,0.6154432265363405,0.48966925674970213
236,HeR Interactive,34,0.18820816754303388,0.820382053156938,0.8304668304668305,0.07497598992356662,0.48932723916904436
237,Ravenscourt,21,0.3111581320460068,0.6701639667501542,0.6781326781326781,0.29105027995716604,0.48923861386125916
238,LGT SIA,38,0.03151593862936636,0.8397751322751323,0.5896805896805897,0.7206081209128539,0.4889904542758639
239,Shady Corner Games,21,0.03376627746431228,0.7276284858213193,0.7911547911547911,0.6578871529715776,0.48702077403559996
240,Beijing Happy Entertainment Technology,10,0.12093725331392888,0.7456135736034093,0.7641277641277642,0.4481931371000232,0.4860666341314542
241,Studio Goya,10,0.1314928875555816,0.8788622357780072,0.8783783783783784,0.0,0.4853568570535314
242,Chorus Worldwide Games,16,0.1798833313376647,0.7893914873305276,0.6375921375921376,0.38594265689999085,0.48518643822076707
243,SakuraGame,27,0.34666932277309975,0.7980888086777516,0.5601965601965602,0.07955115332225944,0.48473289061156133
244,Alawar Casual,126,0.14519540815183563,0.773659546339837,0.7727272727272727,0.31052035179047943,0.48403976406912
245,Microids,114,0.30244226816882686,0.5945282245323091,0.7039312039312039,0.3925431010157609,0.48388096715738704
246,Flat Cat Games,11,0.188099846313526,0.8129557635525735,0.7825552825552825,0.11187438564549178,0.4830138896333864
247,Fulqrum Publishing,117,0.3573741775852364,0.6276407217054094,0.6695331695331695,0.2365964330249218,0.48276927752682774
248,I commissioned some series,57,0.06503055207813176,0.8718515010903761,0.371007371007371,0.8271484716947185,0.48258988851014084
249,"H2 Interactive Co., Ltd.",10,0.372802718993892,0.7339039782172515,0.6584766584766585,0.0,0.48234747680836937
250,Midnight Games,14,0.17935948734772864,0.5096219074203605,0.8218673218673219,0.6769506396286319,0.48157845311557235
251,TinyHat Studios,19,0.03900225636524522,0.7856136901227118,0.9631449631449632,0.25942944524472256,0.4808783061803504
252,RockGame S.A.,11,0.24437369068227605,0.7051337589227982,0.7088452088452089,0.27829422583643815,0.48058409506014355
253,Sigyaad Team,15,0.16692333207861926,0.8756113507254568,0.6142506142506142,0.2346578622000745,0.4791553736252879
254,SOEDESCO,22,0.3063331201434758,0.5944357786712715,0.816953316953317,0.1964760440182563,0.4784093956449998
255,Ripstone,14,0.28555667521260936,0.650940094655441,0.9152334152334152,0.0,0.4782735477677286
256,Games Operators,30,0.3055013094040744,0.6266866534532776,0.785012285012285,0.1746578622000745,0.4781325906598775
257,Application Systems Heidelberg,18,0.2408302521366418,0.8752195602958383,0.6560196560196561,0.0,0.4780603875405074
258,Phoenix Games,14,0.3140173413144125,0.6683841299352655,0.8353808353808354,0.0,0.4774974755167911
259,Humongous Entertainment,35,0.13372290174306706,0.8319951639467202,0.8992628992628993,0.0,0.4762541446466694
260,DreamBig Games,14,0.08335446739618652,0.6576969405817901,0.8513513513513513,0.5245855548571147,0.4754412492620398
261,Volens Nolens Games,59,0.2935394571206975,0.5913166800789574,0.9742014742014742,0.0,0.4749741088562262
262,Wadjet Eye Games,18,0.2858891631872333,0.9334808588453842,0.4729729729729729,0.0,0.47470005936374143
263,Sigma Team Inc.,18,0.3312823456402081,0.701821014335582,0.7407862407862408,0.0,0.4746523734319955
264,HFM Games,15,0.3292564514970554,0.6450938998456814,0.6523341523341524,0.2346578622000745,0.4744334377745155
265,okyakusama,13,0.09424877798505077,0.5362409148566682,0.9484029484029484,0.605827202255691,0.4744140167707116
266,Retroware,10,0.21697273545716902,0.850363865507434,0.5528255528255528,0.21086420599998593,0.47324435852734775
267,Anshar Publishing,10,0.2593659638650697,0.6700806899057565,0.7469287469287469,0.21086420599998593,0.4728176746102486
268,3dm_live_wallpapers,14,0.2126794214402566,0.6318544441691636,0.9668304668304668,0.10018607395718007,0.47238813521450923
269,Modern Wolf,10,0.3205031176011429,0.6374849512508127,0.7555282555282555,0.11732893110003724,0.47212656730630054
270,Soldak Entertainment,12,0.12375047215385457,0.8205903015594675,0.8316953316953317,0.10732893110003722,0.4719281617257613
271,PsychoFlux Entertainment,81,0.1458301533001444,0.8503757179251574,0.5712530712530712,0.3404268355112601,0.471467908609901
272,Artifex Mundi,77,0.29777586325723715,0.7990386443323259,0.6351351351351351,0.0,0.4709601724667578
273,Pixel Puzzles,16,0.3858951186139514,0.7287163767523166,0.5135135135135135,0.09482893110003723,0.47060524690828626
274,KIMIDORI SOFT,15,0.1242892000496213,0.7513485470241748,0.7051597051597052,0.40094265689999087,0.4700791236915595
275,GameHouse,47,0.16364999191920146,0.787885604833148,0.6363636363636364,0.32598509137823306,0.46981366960112714
276,Fruitbat Factory,39,0.26135589673730875,0.7758317297289077,0.6633906633906634,0.0727135464846526,0.46780924742756086
277,Avalon Digital,27,0.08974526618426625,0.7698676060469087,0.7076167076167076,0.4205477391323702,0.4669766273717628
278,JanduSoft,36,0.194391672704589,0.7204733301062968,0.5221130221130221,0.5223906764333425,0.466960290366101
279,Octo Games,18,0.13974676997087074,0.581968508693345,0.6965601965601965,0.690644528437691,0.4664106406755012
280,Daisy Games,10,0.13125608873466385,0.8782028576646845,0.5024570024570024,0.3731136557710384,0.4658589372135939
281,Ludosity,11,0.3076705961086651,0.8827573399187845,0.3783783783783784,0.11187438564549178,0.4649687441361675
282,ESDigital Games,75,0.27306716114386065,0.6918959527919325,0.6646191646191646,0.18819313710002317,0.46429509572676736
283,727 Not Hound,11,0.04023387598789598,0.8394678564236535,0.5743243243243243,0.5538049751182936,0.46385782465546854
284,SimBin,10,0.2951595375795067,0.7618177025838437,0.6511056511056511,0.0,0.46207227914911064
285,Wolfs Moon Studios,12,0.12375047215385457,0.8542360696146131,0.4656019656019656,0.46094265689999087,0.4618452777936247
286,冷笑黑妖,18,0.2636873335524157,0.8593660696898633,0.4385749385749385,0.1575308726666526,0.46144500626529006
287,Kalypso Media Digital,57,0.4167603301689229,0.6161910904032343,0.6535626535626535,0.0,0.461435973392624
288,Henteko Doujin,41,0.2051065776853963,0.828954244243788,0.4459459459459459,0.3446669803247821,0.46136281170093163
289,Wales Interactive,26,0.33455667718097115,0.6412712351342934,0.5884520884520884,0.22542134807873065,0.4609798274558552
290,Eroge Japan,20,0.13180895205971266,0.7547232362783655,0.683046683046683,0.34094265689999087,0.46030083924874426
291,Duality Games,12,0.27728990348486215,0.7035790865195417,0.6793611793611793,0.10732893110003722,0.4600967677128058
292,Dieselmine,28,0.060916879854573246,0.6723570413619819,0.7702702702702703,0.5507442958287204,0.4596937187860573
293,WindField Games,10,0.08432356299086866,0.8251659758083252,0.5208845208845209,0.5209426568999909,0.4593813425012044
294,Choice Provisions,11,0.288611631073852,0.6713736541808103,0.6339066339066339,0.199955115090895,0.4592007611750524
295,Aksys Games,17,0.1107724565661591,0.677961310826594,0.8759213759213759,0.27429012635927363,0.45848654718430015
296,Hangover Cat Purrroduction,10,0.08326871343245724,0.8323567348841483,0.6769041769041769,0.2946578622000745,0.45843058487745114
297,Eternal Dream,10,0.2719582692216633,0.9185856051498962,0.3488943488943489,0.11732893110003724,0.4581392852164264
298,Interplay,17,0.25864596031934817,0.764483514943429,0.6867321867321867,0.0,0.45721757794123785
299,3D Realms,23,0.2359741491575193,0.6818554821198015,0.5786240786240786,0.35459548895228565,0.4560617359087308
300,"TALESSHOP Co., Ltd.",14,0.24915315877487498,0.8695527666907721,0.3574938574938575,0.24322929077150302,0.4560526006929348
301,BokiBoki Games,19,0.06400743830376834,0.7227634501133399,0.5565110565110565,0.7029999349264648,0.4559838399815019
302,Live Motion Games,12,0.33665233029808717,0.6403222569743516,0.7297297297297297,0.0,0.45587093864258194
303,Hentai works,32,0.12749799140314957,0.8063519678476152,0.3593366093366093,0.6494044480101853,0.45580787641423653
304,Flyhigh Works,32,0.1555872464887117,0.761441238586218,0.5921375921375921,0.3591925868710757,0.45519431430509427
305,Sounding Stone / 老奉毊,10,0.14125687304181134,0.8496578022132872,0.5847665847665847,0.21086420599998593,0.45292019408193496
306,Cyber Keks,75,0.10268180711951086,0.6117668628668265,0.8022113022113022,0.4805926179999578,0.4519998444941309
307,Hunny Bunny Studio,40,0.15557503143081808,0.7473366731976706,0.3968058968058968,0.6262273115420767,0.45194753905257834
308,Positech Games,14,0.34775529239899056,0.6525790810857428,0.5393120393120393,0.1765784917142716,0.45183725828491816
309,Might and Delight,12,0.3960133141276294,0.814963756142117,0.3427518427518427,0.0,0.45164415533767394
310,Nomad Games,11,0.30971894223020474,0.6362137435017585,0.7604422604422605,0.0,0.4513542049195513
311,Lovely Games Hentai Club,13,0.2656758201661549,0.7140971210882463,0.4815724815724815,0.317729040386423,0.4511895257570878
312,Eastasiasoft Limited,31,0.0864731218530391,0.7610699359906138,0.4778869778869778,0.6389036370935253,0.4499995145871722
313,Disney,50,0.31028416674074044,0.6964164020488163,0.6621621621621622,0.0,0.4499568114063365
314,Green Sauce Games,17,0.14679232129200348,0.8015599424291859,0.6683046683046683,0.16145244129410358,0.44972409503600613
315,Hitcents,12,0.31008325663512537,0.7898238735784604,0.3771498771498771,0.19086420599998588,0.4495359082258053
316,Markt+Technik Verlag GmbH,18,0.08833324796551327,0.6848818659861945,0.4877149877149877,0.7676632089333366,0.449073675466786
317,SC Jogos,17,0.4171917454873646,0.7229705335186314,0.2616707616707617,0.220540215141251,0.448323455581507
318,Lu,14,0.06677290719426016,0.8216363392514415,0.2659705159705159,0.8239778617710243,0.4466522017531803
319,Yaeko,15,0.033953100739648565,0.8762586256953124,0.4828009828009828,0.5017284119999719,0.446580631327663
320,CITY CONNECTION,29,0.11998103084762642,0.790022007971372,0.5552825552825553,0.3766494834227998,0.4465538967580118
321,upjers,15,0.34054257601282306,0.5086925419436273,0.8722358722358723,0.0,0.44624483863475073
322,ARTE France,13,0.25610973120035896,0.7800753981217841,0.4705159705159705,0.18317189830767822,0.44524000420600673
323,The Quantum Astrophysicists Guild,11,0.3147931340372695,0.7617508601942947,0.4471744471744471,0.11187438564549178,0.4449189022530459
324,Big Ant Studios,14,0.19138186746503175,0.712085825094531,0.8194103194103194,0.0,0.4444914650231843
325,rokaplay,13,0.13983151305314287,0.7644896385371718,0.64004914004914,0.2531194006616129,0.4442656592388215
326,Rising Moon Games,14,0.1461148356840367,0.8585502154832827,0.4932432432432432,0.24322929077150302,0.44383829939877173
327,Boomzap Inc,49,0.09022985491832376,0.8300716181402232,0.3132678132678133,0.6662364922348802,0.44319097115227496
328,430Games,13,0.11684783640302662,0.5460185302614537,0.7751842751842751,0.5509591812307412,0.4423830340409617
329,Hell Bomb Studio,12,0.03492084253141778,0.7898669569616817,0.3931203931203931,0.7555220682000604,0.44113477082858843
330,Minicactus Games,14,0.18545855404704578,0.8610652772974379,0.4041769041769041,0.24322929077150302,0.4405498515568037
331,8Floor,48,0.33183683225946575,0.6591763274653917,0.538083538083538,0.1158642059999859,0.438892128047136
332,Next Game,23,0.06979121854663524,0.803343020665406,0.8660933660933661,0.0,0.43864850590961735
333,MIROWIN,10,0.1901833956666661,0.7832503583120286,0.527027027027027,0.21086420599998593,0.43857433228234494
334,Fancy Fish Games,10,0.13249023489838896,0.7722313442790563,0.6437346437346437,0.21086420599998593,0.43841754514507963
335,NovaLogic,14,0.19551638922307696,0.7960817979711092,0.6547911547911548,0.0,0.4382135065776407
336,Forever Entertainment S. A.,79,0.2913466128422956,0.6070638873118095,0.5761670761670762,0.2587970172508225,0.4381434485093849
337,Qumaron,38,0.08631146493643654,0.7438805726832064,0.800982800982801,0.16202628325270607,0.43787368721718084
338,Endless Loop Studios,13,0.28563764721966467,0.7644603990802366,0.4631449631449631,0.10348277725388338,0.4374627054680287
339,OnSkull Games,10,0.3567007991102442,0.5294821313136449,0.6805896805896806,0.11732893110003724,0.43740719486562063
340,THQ,10,0.19654129504233095,0.7925860977802206,0.6492628992628993,0.0,0.43641786245146186
341,Old School Vibes,10,0.19728984862632346,0.8596773031211979,0.3255528255528255,0.2946578622000745,0.4362638823961489
342,"CFK Co., Ltd.",34,0.18266900021199212,0.727334169065277,0.5245700245700246,0.32290488258820715,0.4354841380960163
343,HFTGames,13,0.0298487873054824,0.6641858776685985,0.7960687960687961,0.43786573382306776,0.4345964581447178
344,FreeMind S.A.,12,0.1639781668608251,0.46942465492242885,0.7886977886977887,0.5219867933001119,0.43425733161259195
345,Topware Interactive,20,0.5163187096898131,0.5768966834651817,0.4017199017199017,0.0,0.43412453377496946
346,Ghostlight LTD,14,0.2077821398390935,0.6752484584046645,0.7936117936117936,0.0,0.43402064518744077
347,Hanako Games,13,0.20807699032669674,0.807007819805651,0.581081081081081,0.0,0.4311455087722553
348,Romantic Room,14,0.2868494478239468,0.5460202828323186,0.5626535626535627,0.36247885138573743,0.43110593182665014
349,Peaksel,15,0.2527706489874211,0.5915346047496877,0.6056511056511057,0.2931136557710383,0.4310273780663806
350,Heart's Choice,24,0.06996693880878216,0.724628152090342,0.6855036855036855,0.34698679330011184,0.4310256303059302
351,QZQ Studio,26,0.1748504703421324,0.6921364687370284,0.2346437346437346,0.76702327939785,0.4308208440792793
352,Pyramid Games S.A.,11,0.2718820452901494,0.69991155510243,0.6265356265356266,0.0,0.43043930768940664
353,Chubby Pixel,12,0.5237717124457861,0.6289085738330814,0.2076167076167076,0.10732893110003722,0.4296153526942967
354,IR Studio,80,0.121936522626586,0.7441916961955092,0.4582309582309582,0.4781005191000654,0.4292965612891593
355,Klabater,19,0.3214198260942818,0.561293696128613,0.6744471744471745,0.08890787846845828,0.4291106646312862
356,Nibb Games,12,0.1259318959497096,0.8556145703639897,0.3415233415233415,0.39819313710002324,0.42879417356126703
357,GameMill Entertainment,30,0.2358479667516477,0.4699973861063308,0.6670761670761671,0.47827158800002806,0.4287019758102136
358,Performance Artist,12,0.040869968756187446,0.6619367316159774,0.4686732186732186,0.812142253641152,0.42844149033027534
359,eSolutions Nordic AB,15,0.12091277744110956,0.7179805996472662,0.7782555282555282,0.09732893110003721,0.42796409731467944
360,CINEMAX GAMES,13,0.22189970356793254,0.7128276186496774,0.6044226044226044,0.10348277725388338,0.427920119316283
361,Sacada,24,0.14199040155828008,0.7975952266452377,0.6928746928746928,0.0,0.42755014711390793
362,NukGames,11,0.414513089252082,0.753027518792706,0.2788697788697789,0.0,0.4267617926499963
363,Mens Sana Interactive,23,0.1090932235571575,0.872146888919179,0.5257985257985258,0.14303811904346417,0.4264421179369836
364,Game for people,17,0.4950946735411603,0.6677050144008732,0.2628992628992629,0.0,0.4261744926395206
365,ebi-hime,38,0.11639988402527597,0.8332705472195845,0.4090909090909091,0.35622025375225325,0.42597234345574175
366,Lonely Troops,19,0.2867562511841692,0.7289940363382492,0.5331695331695332,0.0,0.4256968054498406
367,Interplay Entertainment Corp.,30,0.22149907104496047,0.7484888691780782,0.5196560196560197,0.13086420599998588,0.42563217045036145
368,Pujia8 Studio,20,0.18201642579406654,0.877523260113843,0.3740786240786241,0.15086420599998593,0.4244080827777989
369,Super PowerUp Games,25,0.13241993413976058,0.7734804182172603,0.0767813267813267,0.8694711847411892,0.42416804548153797
370,Towndarktales,10,0.09008130913636597,0.7276682093554241,0.5847665847665847,0.3731136557710384,0.42274928632332803
371,Crisp App Studio,22,0.1726714398928475,0.7156576196154398,0.5872235872235873,0.1964760440182563,0.4220484138945845
372,Rising Star Games,14,0.2501880198910182,0.6432230041171554,0.7063882063882064,0.0,0.42181034947464424
373,DominiGames,16,0.25188793995484393,0.6245845512512178,0.6068796068796068,0.16586420599998591,0.42179169663548
374,InvertMouse,19,0.1555038605173541,0.8596306846549137,0.5466830466830467,0.0,0.42165216591415733
375,YAW Studios,16,0.19855937140825214,0.8130890741727599,0.3685503685503685,0.2271578622000745,0.42120625528480105
376,Clickteam,15,0.22210370481349118,0.6899348399148042,0.5540540540540541,0.17086420599998592,0.42115719036997185
377,Gray Boss,10,0.15904982644194232,0.8503826525672973,0.3255528255528255,0.2946578622000745,0.42009147946544534
378,PinkySoul,14,0.0298487873054824,0.7228752111049443,0.5282555282555282,0.5761568725853614,0.419384275427312
379,NAISU,12,0.15418240598656735,0.8386361640025636,0.4238329238329238,0.19086420599998588,0.4189509069626503
380,616 GAMES,12,0.06898951556150806,0.723480273569604,0.542997542997543,0.46094265689999087,0.41893131965191627
381,GCN,10,0.07857001409542673,0.7444553902887237,0.6179361179361179,0.2946578622000745,0.4186220249372512
382,Conglomerate 5,205,0.24442226079241752,0.514204354929519,0.7985257985257985,0.12343835000495257,0.41803000996210443
383,The Revills Games,10,0.09077684058760309,0.8146301507358396,0.5491400491400491,0.21086420599998593,0.41761858015442066
384,Randumb Studios,25,0.22779574423964177,0.929489157872091,0.1541769041769042,0.18665786220007452,0.4174093180108939
385,owlyboi,47,0.035022525453331885,0.7603004631359712,0.515970515970516,0.4903247094604746,0.4170908324626319
386,Argent Games,13,0.05544795724384026,0.8717656213789242,0.601965601965602,0.10348277725388338,0.41685200843022424
387,Vutune,12,0.19652841889235242,0.8176478815065771,0.0767813267813267,0.5817284119999718,0.41669483822055753
388,VRKiwi,12,0.14320104404429446,0.749345000317409,0.3617936117936118,0.46094265689999087,0.4164239864044468
389,LTZinc,48,0.17274563155839254,0.6628350003410965,0.4201474201474201,0.4852715179711129,0.4161316828729173
390,Digerati,30,0.2686060268909367,0.6712096545874222,0.504914004914005,0.13086420599998588,0.41598743767085333
391,Coconut Island Games,10,0.2896029792973314,0.6667321803226463,0.5724815724815725,0.0,0.41587701134717436
392,Hosted Games,177,0.06846365884634328,0.7067111178720034,0.6474201474201474,0.3339072428919829,0.41554573187564803
393,bhungry,12,0.1385023455479667,0.6571451874031587,0.5454545454545454,0.39819313710002324,0.4144392568186485
394,KEMCO,75,0.11249265462913369,0.6819399060289437,0.5417690417690417,0.4118068628999768,0.41407923871768476
395,My Way Games,92,0.21941307891532394,0.5110995720237067,0.7997542997542998,0.1592006122927775,0.4139554010222519
396,PeriScope Game,10,0.2383749790628062,0.8511325357760892,0.3759213759213759,0.0,0.41395527858908404
397,Green Man Gaming Publishing,22,0.23420147787821158,0.6441987697957885,0.5368550368550369,0.1964760440182563,0.4120725621698564
398,Mismatch Studio,10,0.2228328848812151,0.8673086505011699,0.3673218673218673,0.0,0.4116484783231497
399,Ratalaika Games S.L.,56,0.1157933310630576,0.7634730720717351,0.3452088452088452,0.4806544480101853,0.4107095237368875
400,Gagonfe,11,0.0708298942505772,0.8774328647852214,0.5294840294840295,0.11187438564549178,0.41069828616689813
401,TERNOX,10,0.21479383869807786,0.7382841563044381,0.4791154791154791,0.11732893110003724,0.4100855259237601
402,PRODUCTION PENCIL,26,0.06513612309092334,0.663211813278386,0.343980343980344,0.7936202300693285,0.409600290371807
403,Lesson of Passion,14,0.0298487873054824,0.5892255682855803,0.8390663390663391,0.36247885138573743,0.40939984156372133
404,Vertigo Gaming Inc.,11,0.3043595230601145,0.6575416303339062,0.4434889434889434,0.11187438564549178,0.4092672687158244
405,Anatoliy Loginovskikh,33,0.21417221879491882,0.8511689805541465,0.3353808353808354,0.07551074928185542,0.40871375021291095
406,MACKINN7,25,0.14489824289999725,0.783648383158787,0.3857493857493858,0.3049426568999909,0.40870017564751093
407,SEEP,19,0.17046595151541705,0.8449893961908344,0.1781326781326781,0.3930394248790592,0.40774235124604075
408,Mindscape,12,0.10325983858256545,0.5872279111353498,0.5847665847665847,0.5219867933001119,0.40756065279283654
409,SP GAMES,10,0.23072409991923842,0.5304195824088297,0.5006142506142506,0.4481931371000232,0.40723113038223596
410,Y Press Games,21,0.0403375159345491,0.7488980521719802,0.6916461916461917,0.2003721479143602,0.40717260674507866
411,Do Games Limited,52,0.16386140267554827,0.38410408471384083,0.5651105651105651,0.8091372252640687,0.40697541316231745
412,Ziggurat,123,0.2290040531628706,0.6800157924959283,0.4275184275184275,0.24710600471502597,0.40672574256672256
413,Colossus Game Studio,10,0.05141352200535746,0.8126203256396493,0.5006142506142506,0.2946578622000745,0.4061023598466311
414,Big Fish Games,510,0.054428970248033046,0.7390950024584264,0.4975429975429975,0.43724461706478956,0.40587393239265745
415,Airem,15,0.3106102782401091,0.6806861094553374,0.4643734643734644,0.0,0.40579412309533225
416,Afil Games,12,0.07534369669634014,0.752034068145484,0.2868550368550369,0.6404425868710757,0.40541790968903296
417,Sokpop Collective,105,0.1154977957729164,0.6673410353823421,0.6756756756756757,0.19522837118570513,0.4050459299482143
418,Inspector Studios,39,0.18957175059381215,0.38127647135457926,0.4422604422604422,0.9051004490711502,0.404950209926969
419,Funbox Media Ltd,64,0.269597168371803,0.5700521568936221,0.4398034398034398,0.3401465880000281,0.4043573321589098
420,Revmatek,13,0.06642430506486079,0.7406865596395387,0.7162162162162162,0.10348277725388338,0.4042201344958886
421,Eversim,12,0.19292412143855525,0.4223488481478378,0.9692874692874692,0.10732893110003722,0.4041849304703451
422,artoonu,22,0.0298487873054824,0.6882414612009181,0.5313267813267813,0.5394149809138793,0.40409711731963244
423,Whale Rock Games,27,0.2333895226412496,0.7006716001034677,0.339066339066339,0.2942759902333242,0.40384247930374406
424,Siberian Mouse,14,0.13073098443655914,0.8135519499903874,0.4932432432432432,0.10018607395718007,0.40349798929213754
425,Denpasoft,19,0.04251953270085115,0.7998793527055159,0.4803439803439803,0.35041634111051717,0.40347688949232635
426,Nutaku Publishing,18,0.1002933641337696,0.5178209946811281,0.9963144963144964,0.09066226443337054,0.4033112147790627
427,Graverobber Foundation,11,0.06560376838650735,0.8167736726947079,0.4127764127764127,0.35129547395285654,0.40324302439190096
428,Accelerate Games,30,0.19739930977061435,0.6706269682515875,0.6572481572481572,0.0,0.4017274803448227
429,Senpai Studios,21,0.40051913850892934,0.5999193658611873,0.4054054054054054,0.0,0.40123858931756257
430,Cateia Games,24,0.24473589102779342,0.5818872258875118,0.3931203931203931,0.41544258687107566,0.4011641962807212
431,MAGIX Software GmbH,37,0.136331064480102,0.48182844711079575,0.8943488943488943,0.1979785206359032,0.4008309636664387
432,CCS,11,0.12602499983993384,0.8094530899741326,0.304054054054054,0.35129547395285654,0.4004498088399559
433,GoldenGod Games,13,0.14782660629104402,0.6002004077333036,0.5147420147420148,0.43786573382306776,0.4004276975437196
434,Flying Interactive,15,0.15227667101092884,0.6224825824140127,0.7948402948402948,0.0,0.3990096685460879
435,Axis Games,10,0.13896101894969864,0.5807308976122905,0.7899262899262899,0.11732893110003724,0.39844022356634523
436,Konnichiwa Games,10,0.23650653366124952,0.7846814798402378,0.4004914004914005,0.0,0.39828001083178877
437,Gammera Nest,16,0.10671708949634195,0.6815764129380011,0.4201474201474201,0.48172841199997185,0.39811265103459975
438,Minimol Games,31,0.2014664402781057,0.7609829715506712,0.4373464373464373,0.07668376980971464,0.39777999850328294
439,Crew Lab,26,0.243899173788954,0.8854733996238727,0.2334152334152334,0.0,0.39768977739634237
440,Neoclassic Games,10,0.21237207022678167,0.7889187305204871,0.4324324324324324,0.0,0.3974923302220062
441,Clique Games,11,0.09789320402669599,0.7077312124079185,0.4858722358722359,0.35129547395285654,0.3964507533990948
442,Yamate,10,0.1014372643871432,0.44597664680998006,0.7444717444717445,0.5209426568999909,0.3963317840078417
443,GZ Storm,11,0.14087070350813552,0.8530686066909248,0.304054054054054,0.199955115090895,0.3960294063095699
444,SQUARE ENIX,16,0.0435622639716006,0.7261363017648597,0.812039312039312,0.0,0.3954955453273805
445,Anime Mania,11,0.0854420484822811,0.7057466759279807,0.304054054054054,0.6180920483636082,0.3951533378125446
446,CreativeForge Games,28,0.2000526891639878,0.5817791237246989,0.5085995085995086,0.3219867933001118,0.3945700990397239
447,Axyos Games,10,0.22466630781676353,0.6266206991313025,0.5515970515970516,0.11732893110003724,0.3945381674596739
448,Cherry Kiss Games,75,0.0782668611674312,0.6266476285213487,0.5687960687960688,0.43533097170554225,0.39444654948005065
449,Seito Games,17,0.08379613995949659,0.6681190683296778,0.6130221130221131,0.27429012635927363,0.3935123110430408
450,"Arcen Games, LLC",11,0.30390455920495174,0.6104946193816769,0.5171990171990172,0.0,0.39295478497603964
451,EpiXR Games UG,69,0.037017936594671605,0.8039737528542743,0.2014742014742014,0.6549688166941384,0.39268856646337835
452,Strategy First,161,0.22301158872657917,0.5369979768369801,0.5663390663390664,0.26671879296897216,0.3924290813185558
453,kazakovstudios,41,0.2472237564441109,0.6257015337534367,0.366093366093366,0.2988015827316792,0.39227768550989495
454,HH-Games,194,0.09400747284023506,0.6368884556174556,0.5122850122850123,0.4359399177113543,0.39181714229302456
455,Gamesforgames,67,0.1360766534002584,0.5900906189747188,0.296068796068796,0.7196449774324453,0.39181452021113206
456,DLsite,26,0.07974451235458085,0.7779010177438659,0.5442260442260443,0.13701805215383206,0.3906788013155468
457,Bad Kid Games,11,0.04730920857119131,0.7980436210817972,0.304054054054054,0.4882153841727181,0.3900144277611746
458,Starship Studio,19,0.10986667074840548,0.6675455798554768,0.687960687960688,0.08890787846845828,0.3896453280809913
459,WASABI entertainment,58,0.05932473507479592,0.5082761877638933,0.7358722358722358,0.4587034146241148,0.38922647297341095
460,Appnori Inc.,10,0.0895094663464468,0.5956717009623106,0.6726044226044227,0.2946578622000745,0.3887493873608453
461,Independent,11,0.0830148961334275,0.8101489338425428,0.3740786240786241,0.27829422583643815,0.388659752490653
462,Ivanovich Games,19,0.18498937549736177,0.6297142220219398,0.6081081081081081,0.08890787846845828,0.38861835142254897
463,Michaela Laws,10,0.18734956227110697,0.7819310568264011,0.441031941031941,0.0,0.388358052049196
464,Pixel Games UK,111,0.16265172735992975,0.6897700066299909,0.1744471744471744,0.5954643518702594,0.3880681942349464
465,STuNT,46,0.09706936943505967,0.538061610426266,0.2936117936117936,0.8887551112492711,0.3874283878399001
466,Denda Games,18,0.12756851566109564,0.6576948204101927,0.4557739557739558,0.36094265689999083,0.387253616294231
467,Tranquility games,16,0.2461544396490961,0.655077091709173,0.398034398034398,0.16586420599998591,0.3871636918968131
468,Andy Jurko,18,0.0298487873054824,0.8388723544973544,0.6240786240786241,0.0,0.38692450672184997
469,BufoProject,11,0.0682960636019205,0.6390758030461096,0.7027027027027027,0.199955115090895,0.38616017097867983
470,ChaniMK,11,0.0298487873054824,0.8373180539847207,0.304054054054054,0.42092040982729584,0.38559136403724015
471,Plug In Digital,132,0.20273966575018426,0.6171662217540885,0.5036855036855037,0.1882153841727181,0.3850781579017995
472,Ultimate Games S.A.,42,0.2843336828643999,0.6473811316207135,0.4533169533169533,0.0,0.38439451915214473
473,Zoo Corporation,42,0.14011238269622261,0.6735393028502498,0.4619164619164619,0.2719867933001118,0.38428243617706204
474,"CyberStep, Inc.",54,0.23951881205856485,0.38155487110890085,0.3538083538083538,0.7646913495555696,0.38376341874817416
475,Russpuppy,12,0.16643641795001402,0.72705134524444,0.3931203931203931,0.19086420599998588,0.3836218593799134
476,Kawaii Hentai,10,0.10246967517613947,0.8837608406465645,0.0767813267813267,0.4481931371000232,0.383577874426887
477,SMU Guildhall,16,0.27402933509546445,0.849985015990603,0.1572481572481572,0.0,0.3823554035302249
478,XSGames,14,0.1223524229324518,0.4561642061642061,0.3894348894348894,0.8239778617710243,0.3811562670282515
479,HugePixel,26,0.08167589871457237,0.673660890952084,0.4250614250614251,0.4290947476793787,0.3800613289999174
480,Tensei Games,22,0.03620639165068766,0.7504538477466285,0.304054054054054,0.5394149809138793,0.3795314493496219
481,Choice of Games,286,0.042783312216464184,0.6743899966560201,0.5909090909090909,0.2876316578312528,0.3786177251290746
482,2Awesome Studio,12,0.1423314179685282,0.7015914698033471,0.4484029484029484,0.19086420599998588,0.37860365781057653
483,Phoenix Online Publishing,22,0.21769516551359025,0.6895984951597276,0.4766584766584766,0.0,0.37840455180937016
484,Wolverine Studios,32,0.0298487873054824,0.47965376027309714,0.8906633906633906,0.3032367933001118,0.37796140076654283
485,Dnovel,36,0.24419239235024376,0.6994660030694324,0.2555282555282555,0.19978032243770505,0.37637983771472194
486,Nami Tentou,11,0.09674016141743456,0.8125556156806157,0.0767813267813267,0.5538049751182936,0.3760527528242962
487,Screen 7,15,0.26759347569664255,0.668441616920532,0.4029484029484029,0.0,0.37477988215966507
488,LGV,37,0.1399069966633666,0.6735895086489314,0.0767813267813267,0.7134383569379033,0.37341632032380856
489,UPCELL TELEKOMUNIKASYON LIMITED SIRKETI,16,0.14192762571357395,0.4931216931216931,0.2524570024570025,0.8343298756000033,0.37325205876765977
490,Absolutist Ltd.,11,0.30006352593466723,0.5660736301189129,0.4901719901719901,0.0,0.3728787211472054
491,Ertal Games,11,0.04023387598789598,0.7416831433726578,0.5313267813267813,0.199955115090895,0.37284542313655145
492,7DOTS,11,0.15766208797527562,0.8338926311938447,0.3366093366093366,0.0,0.37267138747136724
493,Ironcode Gaming,16,0.059407880925150626,0.599056731213594,0.5343980343980343,0.4344867933001118,0.3725624035625046
494,橙光游戏,47,0.15942344594796792,0.7097518918240286,0.2027027027027027,0.42080508610227674,0.37238507708487945
495,Zerouno Games,11,0.11684152777359297,0.7627660494658072,0.304054054054054,0.27829422583643815,0.3722792942467762
496,Noxurtica,19,0.0298487873054824,0.7596599751011515,0.3402948402948403,0.43435999094734024,0.3715580347883334
497,Pirates Of The Digital Sea,14,0.10006854940113918,0.540033681591835,0.558968058968059,0.41808551404284794,0.37154053566798817
498,Satur Entertainment,11,0.17017960299603158,0.6367102543400744,0.4508599508599508,0.199955115090895,0.37074119478625783
499,NSFW18 Games,11,0.0737654787710322,0.6639527249045956,0.4127764127764127,0.42092040982729584,0.3706970790706169
500,Loolust,25,0.08778845671825207,0.8050569723728359,0.3519656019656019,0.18665786220007452,0.3706348512863705
501,DigiMight,25,0.10322160670900937,0.743081206325151,0.3857493857493858,0.22911365577103837,0.37056884976123144
502,Rocky Studio,15,0.07569810361472185,0.7027777777777777,0.0767813267813267,0.7839778617710242,0.3702806142204049
503,Reverb Triple XP,11,0.25298003201161307,0.658854663636302,0.4127764127764127,0.0,0.3687546928502377
504,Notus Games Ltd,11,0.07515471851931377,0.7542460950355687,0.5743243243243243,0.0,0.3674428448572953
505,DNA ARMY GAMING,11,0.20503781524195022,0.44687758703865266,0.5982800982800983,0.27829422583643815,0.36722666497776374
506,Art Games Studio S.A.,15,0.16243040865829356,0.6096116978408143,0.5073710073710074,0.17086420599998592,0.36683798475684637
507,Akella,13,0.25730176883136996,0.5469376485357986,0.5577395577395577,0.0,0.36568482519963064
508,Vidas Salavejus,23,0.17935404644704933,0.7267202976074776,0.0767813267813267,0.45919508212753923,0.36502553321410675
509,SVGames,15,0.055825293303424464,0.6555448650913253,0.5233415233415234,0.2931136557710383,0.36483766521755656
510,Phr00t's Software,15,0.12651989919888157,0.7713563474347007,0.3169533169533169,0.17086420599998592,0.36470916324068003
511,ROSEVERTE,21,0.12432891267397596,0.723709850820148,0.4557739557739558,0.08590035967146581,0.364667919787447
512,Crazysoft Limited,11,0.10031423265189127,0.6452802752802753,0.5933660933660934,0.11187438564549178,0.36414844053228695
513,Entropy Digital Entertainment,13,0.0298487873054824,0.4861650338305916,0.6253071253071253,0.5509591812307412,0.3640018879521326
514,Top Hat Studios Inc,14,0.08435436465696924,0.7569348394037191,0.5356265356265356,0.0,0.3637297865763621
515,Digital Tribe,32,0.22883161342548508,0.6165940516313173,0.4361179361179361,0.07607893110003724,0.36370470707690783
516,Breda University of Applied Sciences,15,0.24977361801168668,0.8026030305323891,0.1769041769041769,0.0,0.36358251084464244
517,KuKo,37,0.2519846999115007,0.6761382375947751,0.2383292383292383,0.16330651084872314,0.3631979405406139
518,Blowfish Studios,20,0.19733220412289076,0.6724681572553278,0.2358722358722358,0.2981931371000232,0.3627101363590607
519,Rainbow Games,10,0.2216567721411552,0.6034859820149745,0.5184275184275184,0.0,0.3623111685394004
520,Viva Media,28,0.21766140473253076,0.5545392635207226,0.5958230958230958,0.0,0.3617078898772217
521,Rockin' Android,10,0.18972180580946812,0.7368007779887158,0.3697788697788697,0.0,0.36139863938570255
522,КиКо,15,0.2823150722167082,0.6267952252785552,0.3722358722358722,0.0,0.3612960173065889
523,Stardock,10,0.0978438695127662,0.49952149928476824,0.5491400491400491,0.4481931371000232,0.36115878450791195
524,Self Published,10,0.26173265561861625,0.696656993652768,0.2088452088452088,0.11732893110003724,0.3599719089963935
525,b-alive gmbh,16,0.227222580391378,0.5261568999026843,0.6117936117936118,0.0,0.35973369546650996
526,Abyssal Studios,11,0.07934445495094256,0.8462385222291632,0.304054054054054,0.11187438564549178,0.3592340845592134
527,Interplay Inc.,11,0.19793508472789362,0.6303669798646143,0.4987714987714988,0.0,0.3581416733684468
528,Azurezero,12,0.0298487873054824,0.7258280024069498,0.3931203931203931,0.33311365577103835,0.3567866032687381
529,Self,12,0.07765495701843214,0.7809812829621197,0.3931203931203931,0.10732893110003722,0.3561970381341713
530,NanningsGames,37,0.20623264535380298,0.699291423292364,0.1971744471744471,0.22927421818110427,0.35579487502359536
531,First Games Interactive,10,0.23243075456636464,0.6387956823960454,0.3255528255528255,0.11732893110003724,0.35569937359261194
532,Sedoc LLC,10,0.1861562063599174,0.6506739039060754,0.4754299754299754,0.0,0.35544283848378877
533,derevotyan,11,0.08160287791467452,0.7648287139789602,0.4858722358722359,0.0,0.3551840686382713
534,Archor Games,73,0.06807114041053865,0.5840728782549589,0.2407862407862407,0.7164058617451872,0.3546648900392024
535,Games For Pleasure,10,0.13464674287164125,0.47628722014421204,0.4324324324324324,0.5209426568999909,0.35464041106982314
536,Hunted Cow Games,44,0.19434509134939185,0.5889956592532853,0.4963144963144963,0.07096529473640087,0.3546271732216321
537,Remix Games,11,0.06520242440875071,0.8418599556021817,0.304054054054054,0.11187438564549178,0.3529708038813518
538,khukhrovr,43,0.3025802625121254,0.6044565261386752,0.269041769041769,0.07128241947213022,0.3517407664500198
539,Playstige Interactive,13,0.13447675713469998,0.542024494108232,0.3814496314496314,0.43786573382306776,0.351643999593001
540,T-Bull,11,0.2625358733089557,0.5838606577497287,0.4226044226044226,0.0,0.35156663750393763
541,Degica,14,0.06204553683207295,0.5979700854700853,0.6726044226044227,0.10018607395718007,0.35065575914671265
542,Rubika Supinfogame,12,0.13349282088711617,0.739240231779509,0.1597051597051597,0.33311365577103835,0.35040263715103104
543,KISS ltd,36,0.3169613762702591,0.45703368340095696,0.5110565110565111,0.0,0.35025788892618
544,ZaxtorGameS,17,0.043908796657830484,0.7467206294587247,0.347051597051597,0.27429012635927363,0.34993810603206854
545,Aldorlea Games,55,0.21693403695880661,0.6510320862011956,0.2039312039312039,0.2483504296637481,0.34927534403174393
546,Tin Man Games,15,0.15808064129015817,0.7444258738739373,0.2800982800982801,0.09732893110003721,0.3492749822983982
547,Nyu Media,10,0.1357405684671729,0.6376679506177065,0.5491400491400491,0.0,0.3486375939768323
548,Alternative Software Ltd,22,0.10922377683623406,0.5467158098534927,0.6658476658476659,0.08460165837276448,0.3481028467741775
549,SA Industry,118,0.3290790119385162,0.5346692356905871,0.3157248157248157,0.06241367686274908,0.3480854395600323
550,8floor,268,0.07387730180250494,0.5461972547271273,0.484029484029484,0.40925203582664044,0.34790993422890776
551,Seven Sails Games,33,0.06132938557708036,0.546932664509242,0.2506142506142506,0.7453198907272305,0.3474659180366854
552,Astrea,13,0.10202064726931981,0.7683479748381077,0.0767813267813267,0.43786573382306776,0.3472477444254197
553,Amaterasu Software,13,0.4181157449418387,0.5178851612542035,0.2211302211302211,0.0,0.34593210333194874
554,SilentFuture,12,0.23749273096401824,0.6309993406382212,0.2868550368550369,0.10732893110003722,0.34589260506488567
555,AFBIK Studio,21,0.21612903774682835,0.6094339197052618,0.4287469287469287,0.0,0.3442247248723542
556,JoyBits Ltd.,22,0.28621324315046504,0.535483628940935,0.4066339066339066,0.0,0.34214650511172456
557,SAT-BOX,44,0.050756063472587924,0.5901844448718971,0.2285012285012285,0.676761338325607,0.3420344021260617
558,IndieGala,11,0.29249641979112917,0.6388044146937177,0.156019656019656,0.11187438564549178,0.34200016038576553
559,MoonlightGames,15,0.11879502603492861,0.5662329578295964,0.4324324324324324,0.2931136557710383,0.3419016813132461
560,CggtGroup,12,0.1258406187219241,0.6484749394804763,0.0767813267813267,0.5817284119999718,0.34120222555307744
561,Orangepixel,15,0.13352226746369678,0.6372313541380841,0.3882063882063882,0.17086420599998592,0.34117310839499465
562,Sometimes You,49,0.376657586823378,0.515581582218458,0.2162162162162162,0.0695738290592209,0.34018394765584603
563,Renegade Sector Games,17,0.07597231200830189,0.7983845631451438,0.2481572481572481,0.16145244129410358,0.33995499397201395
564,Focus Home Interactive,11,0.18297376727474138,0.41370249037890805,0.7567567567567568,0.0,0.33950291701118324
565,MAGIC Spell Studios,12,0.08304991130367542,0.6423108932974558,0.2868550368550369,0.39819313710002324,0.338860714881534
566,Rabotiagi games,11,0.1855852927369936,0.7822990975375631,0.1904176904176904,0.0,0.33772811980275474
567,Wainstop James,15,0.06836101254097936,0.7879555713341945,0.2585995085995086,0.17086420599998592,0.33766255840950066
568,RunServer,22,0.20876776167100325,0.5693058039045381,0.4668304668304668,0.0,0.33722655112230593
569,Gamera Interactive,21,0.13270536849301162,0.6499898772471995,0.2604422604422604,0.29105027995716604,0.3371898362287409
570,Kiddy,23,0.2863778122569458,0.5648358495767316,0.2297297297297297,0.14303811904346417,0.33708465296541607
571,lightUP,20,0.057488746994967505,0.8138471233004441,0.0767813267813267,0.38198679330011176,0.3369294827896539
572,Frosted Wings Studio,11,0.08824102199749737,0.7247092222989717,0.0767813267813267,0.4882153841727181,0.3368856973709886
573,Valkyria Games,17,0.13514921568367816,0.6339551008477895,0.1818181818181818,0.41904561682952357,0.3367092346316891
574,Mature Games,11,0.18461101804263882,0.6830862302652312,0.3341523341523341,0.0,0.3363701922249598
575,PastureSoft,10,0.05269907112462734,0.5469847282347282,0.4324324324324324,0.4481931371000232,0.33625555041552796
576,EntwicklerX,10,0.09772661009126932,0.7291525891094857,0.3255528255528255,0.11732893110003724,0.3356599950403607
577,Black Hole,15,0.10628302333155924,0.6663728296792812,0.3642506142506142,0.17086420599998592,0.3355906608199508
578,Boogygames Studios,131,0.09114662104593702,0.5734959322834312,0.3144963144963145,0.4497815035107239,0.33431658547697873
579,"Mindware Co., Ltd.",13,0.06421547744886348,0.7598648232582451,0.2757985257985258,0.18317189830767822,0.3330703539904327
580,MB Game Studio,39,0.03601109563603784,0.7564869876711982,0.0767813267813267,0.5204522206592368,0.3329740782291235
581,Nikita Morti,10,0.04730920857119131,0.7417935767935768,0.0767813267813267,0.5209426568999909,0.332593959929254
582,Hound Picked Games,10,0.09627830156879949,0.8330888854222498,0.0767813267813267,0.21086420599998593,0.3306099674320179
583,Back To Basics Gaming,57,0.41787150899493897,0.48639138130757203,0.183046683046683,0.0,0.32878177914983686
584,AMG GAMES,10,0.048721226789944304,0.8814390153783254,0.0767813267813267,0.21086420599998593,0.3284700302462413
585,Dead Drop Studios LLC,11,0.15955570392092736,0.5689873614700347,0.355036855036855,0.199955115090895,0.32754134308434024
586,Slippy Floor,30,0.10778655716136341,0.5669883926319467,0.2585995085995086,0.452142253641152,0.3273630525621357
587,Cakewalk,12,0.12290871120071586,0.7045949119896521,0.3617936117936118,0.0,0.32675524487586854
588,Winter Wolves,37,0.09040818124716454,0.6505660320125928,0.3501228501228501,0.1979785206359032,0.3265340211602409
589,Crystal Game Works,10,0.07140024973117641,0.7867156570763953,0.3255528255528255,0.0,0.3261153496393955
590,MIRROR Soft,26,0.09686279120278785,0.6978590660000366,0.2757985257985258,0.18388863143084372,0.32600269659531844
591,FreezeNova,20,0.25410846604760934,0.617327521981264,0.2567567567567567,0.0,0.3254875710623938
592,Male Doll,17,0.0540216229111425,0.6936202066659416,0.2481572481572481,0.3246637253353173,0.3253246384504295
593,Erbe Software,27,0.07347615201005062,0.5733503687670354,0.2143734643734643,0.5626490577334824,0.32499381536834354
594,DigiPen Institute of Technology,40,0.2074997451260412,0.7217850703584261,0.1756756756756756,0.0,0.32429556703677737
595,SeedWall,26,0.19799355830069076,0.5828608991577416,0.2948402948402948,0.13701805215383206,0.32367678194369803
596,EnsenaSoft,39,0.23792088372904646,0.4332245654111979,0.4950859950859951,0.0727135464846526,0.32316390991842253
597,吃了就睡工作室,10,0.1374657792351682,0.6997540570645511,0.3255528255528255,0.0,0.32314980496223933
598,Studio2760,14,0.06806406306770903,0.6979054906531529,0.2659705159705159,0.24322929077150302,0.3228725660794727
599,Hentai Room,12,0.044847813090870485,0.6307764252208696,0.2868550368550369,0.39819313710002324,0.3220296400840764
600,KazakovStudios,17,0.2810746438488082,0.5782793163486899,0.2481572481572481,0.0,0.3214913698831394
601,DillyFrame,22,0.1085299395898165,0.7279351972427175,0.0767813267813267,0.32457902053635446,0.3204091564659695
602,Blender Games,71,0.2676714237206001,0.6039635101916454,0.2235872235872235,0.0,0.3195914960771484
603,M9 Games,10,0.1819271533064315,0.5300102813852814,0.3255528255528255,0.21086420599998593,0.31941778408339844
604,Laush Studio,155,0.17303800033777245,0.6589070260501887,0.167076167076167,0.18416846335160375,0.3192759108512509
605,ARTLINK,13,0.051513784442785863,0.6598484848484848,0.2757985257985258,0.317729040386423,0.3188034312271891
606,Piece Of Voxel,112,0.15229611130429666,0.49516522205130103,0.2702702702702703,0.41187833228567206,0.31768900946879897
607,Tonguç Bodur,25,0.12856974292850193,0.6355882450414736,0.2371007371007371,0.22911365577103837,0.31746307932322093
608,Silesia Games,14,0.07111382945128214,0.5607108747733747,0.2659705159705159,0.4719867933001118,0.3170952249290811
609,Valkeala Software,16,0.05771600184899728,0.5836660835330534,0.0767813267813267,0.7057715880000281,0.3165224292633346
610,Snkl Studio,43,0.17127884045352476,0.6993918429435434,0.2309582309582309,0.0,0.31595679323344283
611,Cosmi Valusoft,22,0.08719770526287209,0.5704580245841593,0.5700245700245701,0.0,0.31566151822216704
612,Wholetone Games,16,0.11436642373175648,0.7298723272300123,0.1584766584766584,0.16586420599998591,0.31556490907044804
613,Fantastico Studio,11,0.10317471602078893,0.7795293808019906,0.0767813267813267,0.199955115090895,0.3153194974677729
614,New Reality Games,38,0.39022406226165984,0.48556582910106594,0.1621621621621621,0.0,0.31468060295433314
615,RewindApp,68,0.20245299550747287,0.5610709738834889,0.2923832923832923,0.10851126482351531,0.31393318879284793
616,凝冰剑斩,12,0.0736919316301116,0.9090685097663311,0.0767813267813267,0.0,0.31386899435670373
617,GVR Training Computer Software,11,0.1158257830076822,0.580933484504913,0.0767813267813267,0.5538049751182936,0.31324608102817203
618,AnelaGamesStudio,10,0.0825648249026813,0.6651594932844933,0.3255528255528255,0.11732893110003724,0.31115544147685714
619,0Cube,15,0.15928024420794207,0.737466935569351,0.1695331695331695,0.0,0.3108948000502189
620,AK Studio,12,0.1766538178246298,0.6437823132837932,0.0767813267813267,0.26465786220007453,0.3100184749100349
621,Phat Phrog Studios,12,0.323906779224241,0.4886296701804618,0.2457002457002457,0.0,0.30909632292267203
622,exosyphen studios,18,0.25568041704138217,0.42960279873388485,0.4520884520884521,0.0,0.3087866760023396
623,Thalamus Digital,12,0.12999241134805944,0.7715999282619574,0.0767813267813267,0.10732893110003722,0.30843292747167894
624,Stegalosaurus Game Development,44,0.12375047215385457,0.6406099118959985,0.1633906633906633,0.26744133875465725,0.30828997231397987
625,kovalevviktor,40,0.2772463404114288,0.5758923674586489,0.1916461916461916,0.0,0.3081331677108331
626,Xitilon,13,0.1545880273205897,0.6456637406492558,0.2223587223587223,0.10348277725388338,0.3077990928168101
627,Piko Interactive LLC,48,0.08929843584950903,0.5879514671441316,0.2868550368550369,0.28172841199997184,0.3072701618615708
628,Sinned Games,14,0.17898886634321304,0.5921839880254338,0.2002457002457002,0.1765784917142716,0.3068372134340355
629,Cornutopia Software,11,0.08570719134884067,0.7304498792270531,0.0767813267813267,0.27829422583643815,0.3062328799719412
630,Dogenzaka Lab,19,0.09824166987193314,0.5981462390186707,0.4606879606879607,0.0,0.30596604829836993
631,Indovers Studio,11,0.25693375888570313,0.4402772355107418,0.4176904176904177,0.0,0.30554806980130217
632,grin robot,10,0.14966273512960085,0.7917039134494377,0.0767813267813267,0.0,0.3052493966864569
633,HandMade Games,61,0.13827960065351347,0.4634974097116277,0.242014742014742,0.46221182505936564,0.30518180530407124
634,Chris Antoni,11,0.0298487873054824,0.8305594967455581,0.0767813267813267,0.199955115090895,0.3049644572004858
635,PaulArt,25,0.08229380048127177,0.49182630088560625,0.3857493857493858,0.33998679330011183,0.30449861657902094
636,RetroScope Games,12,0.03329564220687902,0.5682650913900913,0.0767813267813267,0.698325516910148,0.30223809508222255
637,Cronostase,10,0.0298487873054824,0.862509746588694,0.0767813267813267,0.11732893110003724,0.3021556045547979
638,IV Productions,22,0.11576888158765078,0.5246074036552475,0.4103194103194103,0.14540966054544047,0.3017766607979502
639,Crescent Moon Games,22,0.12149070360914296,0.5879864524187073,0.304054054054054,0.14540966054544047,0.3015399418814391
640,FobTi interactive,10,0.11956692163869673,0.7557166683700695,0.0767813267813267,0.11732893110003724,0.30151902810583564
641,FlagmanJeremy,13,0.06319748685206351,0.46545927234237366,0.4078624078624078,0.37896236786925397,0.300173738853804
642,7miao game,11,0.22826008424425007,0.3372655122655122,0.0767813267813267,0.6813516777801666,0.2986297001884315
643,Narko Games,14,0.2199142038353464,0.44906802079708685,0.3562653562653562,0.10018607395718007,0.2979713599281455
644,rondomedia GmbH,10,0.28960931737087237,0.4198200582378899,0.3519656019656019,0.0,0.2977023989442927
645,EroticGamesClub,181,0.0298487873054824,0.41748042821876485,0.199017199017199,0.814364640883978,0.2976493399585848
646,MagicHouse,11,0.0298487873054824,0.6947089947089946,0.0767813267813267,0.42092040982729584,0.29735410079997693
647,Oh,11,0.08312507797640024,0.8424025938277144,0.0767813267813267,0.0,0.29717082079631973
648,Gamuzumi,10,0.08676715910862576,0.6507218013468012,0.0767813267813267,0.3731136557710384,0.2969083598139805
649,Mykhail Konokh,12,0.12025170029992328,0.6035411779809592,0.2868550368550369,0.10732893110003722,0.2966207955352739
650,baKno Games,25,0.15550999943645044,0.4382757250583566,0.4889434889434889,0.08132893110003725,0.295899254773968
651,Doky,10,0.10280444897621169,0.4467592592592592,0.0767813267813267,0.7304425868710758,0.2949319883063785
652,Dr. Cyril Splutterworth,14,0.11094279669176618,0.7273716072823215,0.1861179361179361,0.0,0.29426504825040184
653,Tim Rachor,10,0.11956692163869673,0.68444366793051,0.0767813267813267,0.21086420599998593,0.29416741920896006
654,Cute Pen Games,37,0.0298487873054824,0.5144668971874854,0.1971744471744471,0.5961949885507258,0.29365128243066274
655,RoBot,14,0.11049136036302876,0.5498672971733782,0.2659705159705159,0.24322929077150302,0.29331066208890216
656,Yai Gameworks,18,0.1494124814319099,0.7503933145794002,0.0767813267813267,0.0,0.2927686282312538
657,Meng Games,23,0.11640972792657879,0.6297464094488467,0.0767813267813267,0.31746439603042564,0.2926432523697858
658,Source Byte Sp. z o.o.,10,0.1988248171068489,0.6321470903962414,0.0767813267813267,0.11732893110003724,0.29218841812754043
659,Sapphire Dragon Productions,16,0.15196354751815835,0.6279615093844815,0.2524570024570025,0.0,0.29206709493810035
660,Enaayah Software Development and Services Private Limited,19,0.05362234962135479,0.6547338459455538,0.3832923832923833,0.0,0.29184645280961696
661,Blessing Company,76,0.09329256264601063,0.5271904354833836,0.1953316953316953,0.4097015997420821,0.29133110659877015
662,Chequered Ink Ltd.,12,0.12711086853550818,0.7715039715039715,0.0767813267813267,0.0,0.29129626079488463
663,HaDe Games,31,0.1396427293451384,0.5453247159285174,0.2063882063882063,0.24496733064841025,0.29049511092425645
664,City Interactive S.A.,15,0.18899144591634442,0.48061235662278146,0.3992628992628992,0.0,0.29018329291013484
665,No Gravity Games,27,0.15989432769140322,0.6315847426158003,0.2199017199017199,0.0,0.2894187814570752
666,Tegridy Made Games,20,0.14157775986051127,0.5989389599173063,0.0767813267813267,0.2981931371000232,0.28931913984763963
667,BekkerDev Studio,15,0.08588965184775613,0.6496090491065496,0.1842751842751842,0.17086420599998592,0.2874287606337142
668,Bitlock Studio,37,0.15396523932632333,0.46796993997988523,0.4594594594594595,0.0,0.28617070765007063
669,Kavkaz Sila Games,37,0.09055778594908094,0.6248121100179567,0.21007371007371,0.16330651084872314,0.28564957672961583
670,Enoops,46,0.11660694657437692,0.502543012102254,0.3796068796068796,0.11695116252172505,0.2850393852313428
671,NS,23,0.1524466857484753,0.5485495701704327,0.2266584766584766,0.14303811904346417,0.2847086242513111
672,Kotovodk Studio,48,0.0298487873054824,0.7655907760531532,0.2186732186732186,0.0,0.2838589521075085
673,MumboJumbo,22,0.09072380387889606,0.5226625669638282,0.4717444717444717,0.0,0.2829009957956564
674,KPL,25,0.27699926988865203,0.47408032435847325,0.1541769041769042,0.08132893110003725,0.2822085622689566
675,indiegames3000,16,0.0447266624672632,0.4630244193349466,0.4201474201474201,0.28311365577103836,0.2810581900591659
676,Horny69Team,11,0.12880812670488703,0.5583054899798423,0.0767813267813267,0.35129547395285654,0.28062507778985696
677,ESAT,10,0.11039479904616059,0.6387814860037082,0.2438574938574938,0.0,0.27904412423876745
678,Kajak Games,14,0.10088219713107673,0.710122711120833,0.0767813267813267,0.10018607395718007,0.2787297587819691
679,Tero Lunkka,96,0.07293780990713306,0.5398392663371142,0.1879606879606879,0.3560291437361599,0.2784765225211924
680,Artur Rezende,19,0.0827754210261324,0.6507303396778636,0.0767813267813267,0.25942944524472256,0.27846118140547915
681,Mihai Morosanu,13,0.25633207154408755,0.49876319948716685,0.1941031941031941,0.0,0.27816582370721954
682,Forestlight Games,11,0.11472641110932927,0.5902225113739479,0.304054054054054,0.0,0.2780318081112604
683,Dharker Studios,53,0.08802306092834232,0.5964601244388674,0.2542997542997543,0.11350571543394815,0.2776319168316231
684,familyplay,48,0.09777632428658863,0.526382840375052,0.4262899262899263,0.0,0.2773945508708069
685,Excalibur Publishing,18,0.29061933999484973,0.4288886646377972,0.2321867321867322,0.0,0.276820714826883
686,Mikołaj Spychał,15,0.093397779002902,0.7618639863861123,0.0767813267813267,0.0,0.2766046839231147
687,Kadragon,14,0.04668615164317024,0.49077618825387564,0.312039312039312,0.30454222719960977,0.27166220603907615
688,Saturn VR,10,0.09562557401446313,0.6807137402498227,0.0767813267813267,0.11732893110003724,0.27063867800127983
689,Sprovieri Games,12,0.08178996797488636,0.7542844708225833,0.0767813267813267,0.0,0.27026809539425056
690,meokigame,10,0.09548813816237353,0.5008824646733143,0.4324324324324324,0.0,0.27017207424531153
691,Cow Games,16,0.0383676974328144,0.634530972593207,0.0767813267813267,0.33569313710002324,0.2694982218007159
692,Nacks Soft,12,0.2573489179573897,0.5463252314814815,0.0767813267813267,0.0,0.2693259560857961
693,Dikobraz Games,12,0.0298487873054824,0.6683006535947712,0.2868550368550369,0.0,0.26830827900635756
694,Zombie Developer,12,0.0484890823063319,0.4080915891260719,0.0767813267813267,0.7555220682000604,0.2680832311313121
695,Ammonite Design Studios Ltd,30,0.06310255443612288,0.5830029447676506,0.0767813267813267,0.3704425868710757,0.26790943086986485
696,Yash Future Tech Solutions Pvt Ltd,39,0.08186041194527727,0.3394316013769794,0.4742014742014742,0.2796791009924195,0.2672727845830986
697,Marginal act,12,0.10108817056765639,0.48449739013052684,0.2868550368550369,0.19086420599998588,0.26673071500884304
698,Guilty Pleasure Games,13,0.0494988310190706,0.6414707646978679,0.2757985257985258,0.0,0.2649255254257402
699,Uzura Studio,10,0.03945795053743444,0.6360982468247913,0.0767813267813267,0.2946578622000745,0.26419470142181595
700,Libredia,29,0.16953723604193152,0.3986895724008773,0.4164619164619164,0.0,0.26223728762732246
701,Zeiva Inc,14,0.12210337514523417,0.6784689804605886,0.0767813267813267,0.0,0.2616331407952739
702,SIG Publishing,14,0.21071879355580897,0.35455041337970167,0.2721130221130221,0.1765784917142716,0.26102607993818877
703,Ghost_RUS Games,60,0.10044932843719104,0.47561693536847927,0.2125307125307125,0.2617284119999719,0.2596077498696989
704,Team Syukino,16,0.06924269559907664,0.6462099421249652,0.0767813267813267,0.16586420599998591,0.2583338223534296
705,Warfare Studios,22,0.21615420335580154,0.47992006856999325,0.1928746928746929,0.0,0.2582049303204671
706,M.INDIE,20,0.17340070901825244,0.5296223652513001,0.1891891891891892,0.0,0.2574147955696162
707,LunarCore Games,12,0.12920015805728605,0.5572385592482603,0.0767813267813267,0.19086420599998588,0.2563775193507914
708,Indie,15,0.12091277744110956,0.6065504851557981,0.0767813267813267,0.09732893110003721,0.2542402226723987
709,Vitok,17,0.043908796657830484,0.5624831234645813,0.347051597051597,0.0,0.2535233352799344
710,GentleDriver,12,0.14646473371959062,0.6209810506666362,0.0767813267813267,0.0,0.25291323735811294
711,wow wow Games,21,0.08060742005737853,0.48825554272041194,0.0767813267813267,0.4102998405714004,0.25159050127818144
712,Sunlight Games,10,0.27248692344840275,0.4098414914463455,0.1658476658476658,0.0,0.25149240381037774
713,ANPA.US,35,0.2273173955969929,0.421160478337803,0.2248157248157248,0.0,0.2508723769234334
714,bitComposer Interactive GmbH,12,0.040869968756187446,0.3802717741361159,0.4686732186732186,0.19086420599998588,0.250750295940142
715,Azerbaijan Technology,10,0.2,0.3848235356651877,0.3255528255528255,0.0,0.2505576258101214
716,W.T.B.,25,0.1392756452568077,0.5253646512509125,0.2174447174447174,0.0,0.24984481470409992
717,Reddiamondgames,26,0.0298487873054824,0.5463856255785882,0.0767813267813267,0.39813489456338336,0.24943926277126813
718,Ready To Play,14,0.1096466830155284,0.46615050431461047,0.0767813267813267,0.36247885138573743,0.24794958341394402
719,Anarchy Enterprises,11,0.15587989452260823,0.4842795015008689,0.2395577395577395,0.0,0.24775336144472143
720,My Label Game Studio,26,0.01802484338904944,0.550356290303625,0.3814496314496314,0.0,0.24770550856718107
721,Phoenix Reborn Games,10,0.14784903750238634,0.4904791959818435,0.2438574938574938,0.0,0.24766242069188704
722,Black Phoenix Studio,13,0.07772241800001427,0.6313131313131313,0.0767813267813267,0.10348277725388338,0.2474754676382922
723,Phoenixxx Games,32,0.05127093967387508,0.445925706528151,0.2051597051597051,0.3591925868710757,0.24663336990690393
724,IO Games,10,0.21681504978300667,0.5160519321780023,0.0767813267813267,0.0,0.24605711243371833
725,Blaze Epic,14,0.07044185891986868,0.5975710474730429,0.0767813267813267,0.1765784917142716,0.24576900397727297
726,NedoStudio,13,0.16951965570898575,0.5638715927014115,0.0767813267813267,0.0,0.2438496226648338
727,BadLand Publishing,10,0.1581548891038082,0.568723991902127,0.0767813267813267,0.0,0.2413276741132363
728,Red twice potato,20,0.1127769859563582,0.5531317884271253,0.1793611793611793,0.0,0.24128371748509883
729,Cute Hannah's Games,29,0.2084740076437765,0.5098610070719605,0.0767813267813267,0.0,0.24128047015317525
730,indie_games_studio,22,0.20653743792977616,0.334915734163721,0.3378378378378378,0.0,0.24033039109210552
731,Zloy Krot Studio,13,0.17673052884141482,0.4833791242770288,0.1646191646191646,0.0,0.23979325530143672
732,Studio Six,11,0.054503008072178616,0.5088441152166642,0.0767813267813267,0.35129547395285654,0.23977987383945557
733,Boom Games,14,0.13925381217992958,0.45423642807019154,0.2721130221130221,0.0,0.2394323671066372
734,Studio Inward,12,0.059697574610964824,0.6757178764098002,0.0767813267813267,0.0,0.23896577939304306
735,Quarlellle,27,0.053208744778919265,0.5872011336969261,0.2143734643734643,0.0,0.2376580936563924
736,Cicada_Dancing,10,0.057488746994967505,0.10777777777777775,0.3255528255528255,0.798325516910148,0.23731378742865925
737,Chun Y.,14,0.061143721434309684,0.579955123224354,0.0767813267813267,0.1765784917142716,0.23722987858272065
738,Triority Interactive Novels,16,0.0337077285804838,0.6523741595887473,0.0767813267813267,0.09482893110003723,0.23709055790106442
739,MCGame,12,0.07997856342180304,0.37920052052217657,0.0767813267813267,0.5219867933001119,0.23540693770556614
740,Neki4 Electronics,25,0.04730920857119131,0.5081105646246507,0.0767813267813267,0.33998679330011183,0.23534567673859424
741,Louie Inc,34,0.051518550846681485,0.5710549546486734,0.0767813267813267,0.20370189106515602,0.23525952820697926
742,Tamashii,19,0.09611679436572533,0.5377306335639669,0.0767813267813267,0.154022100736828,0.23341964856398345
743,War Child Gaming,12,0.03329564220687902,0.6873015873015873,0.0767813267813267,0.0,0.23320021631914917
744,Brewsterland Studios,20,0.08422703353572761,0.5466889287612972,0.0767813267813267,0.15086420599998593,0.231472036622157
745,GFI,12,0.11084304037914913,0.5238044488850033,0.1732186732186732,0.0,0.23058013344193784
746,Dharker Studios Ltd,13,0.0298487873054824,0.6792716990039429,0.0767813267813267,0.0,0.22958485061436704
747,Little Black Book Entertainment,21,0.045292711665643165,0.4943962908436592,0.0767813267813267,0.33237122832856225,0.22938328594162252
748,Hede Games,16,0.14387649662349186,0.18900751320098744,0.3593366093366093,0.33569313710002324,0.22928032021084374
749,Displacement Studios,16,0.25272983022762974,0.3538629474946008,0.1683046683046683,0.0,0.2282752584889843
750,GamesBraz,13,0.2720915822460315,0.30028388278388274,0.0767813267813267,0.18317189830767822,0.22814926872369293
751,Hede,62,0.18613442229431817,0.310122215161459,0.1805896805896805,0.19658023387421672,0.22378868355051765
752,Jhinbrush,12,0.04730920857119131,0.5069008070151281,0.0767813267813267,0.26465786220007453,0.2236834097907319
753,Half-Face Games,16,0.10052011212776327,0.5689108337157982,0.0767813267813267,0.0,0.22121155471572193
754,Indie Games Publisher,13,0.13653637282209974,0.38517416225749557,0.0767813267813267,0.2531194006616129,0.21666415462049085
755,Boom Team,30,0.11352427108780333,0.4732014444766844,0.171990171990172,0.0,0.21609196262177088
756,Ahlman Game Studio,12,0.06554266066011144,0.5901695461011851,0.0767813267813267,0.0,0.21534706041765989
757,United Independent Entertainment,62,0.21038714241457235,0.2842914461259123,0.2813267813267813,0.0,0.21518828994823025
758,Anamik Majumdar,52,0.08200037524208792,0.39334675280573106,0.0767813267813267,0.35060379210269044,0.21465099134811896
759,ZangGames,13,0.0298487873054824,0.6264997541039208,0.0767813267813267,0.0,0.2137532671443604
760,William at Oxford,57,0.151241476107176,0.3609066258750174,0.2113022113022113,0.06785524688951092,0.21364523369388572
761,azimuth team,17,0.2566382834891414,0.36043227473257833,0.0767813267813267,0.0,0.2133093469972383
762,PhoenixFire Games,14,0.10088219713107673,0.524130359189341,0.0767813267813267,0.0,0.20790414210894448
763,Individual Software,69,0.04208701542541858,0.4913995207362554,0.2266584766584766,0.0,0.20748200695146843
764,CritoGames,12,0.03945795053743444,0.4892219514516892,0.0767813267813267,0.19086420599998588,0.204562764379872
765,Playtouch,10,0.11718632160593234,0.4936223620341767,0.0767813267813267,0.0,0.20445818652859465
766,Evil Bunneh,10,0.0298487873054824,0.4816900637196336,0.0767813267813267,0.21086420599998593,0.2019399909290721
767,Ripknot Systems,62,0.12275387284700656,0.40716049715442354,0.1707616707616707,0.0,0.19926433879511352
768,TigerQiuQiu,25,0.08263965280925956,0.5146951373141849,0.0767813267813267,0.0,0.19868868503376166
769,beans rolls,30,0.08522685552887352,0.4195560412717275,0.0767813267813267,0.13086420599998588,0.1906821080728872
770,Silver Cow Studio,11,0.033595731905073103,0.5396462143094517,0.0767813267813267,0.0,0.18900863581587643
771,Shoho Games,11,0.16005507566135022,0.39085210473078114,0.0767813267813267,0.0,0.18863117325697223
772,CodeRenderX,18,0.0298487873054824,0.2714616402116402,0.0767813267813267,0.5316588502434814,0.18699066051319846
773,Uintani,10,0.0319498233822886,0.5187216889390802,0.0767813267813267,0.0,0.1821552102217904
774,Sabrina Aridi,14,0.09215995218857446,0.3669593307721459,0.1861179361179361,0.0,0.17956736972123205
775,MCG,11,0.048594757690461184,0.35012665474621996,0.0767813267813267,0.27829422583643815,0.17914656084725844
776,INFINITE BRIDGE,29,0.0760068796318428,0.4521030063659774,0.0767813267813267,0.0,0.17758957513720353
777,CasGames,13,0.07652533145522536,0.3725531290893561,0.0767813267813267,0.10348277725388338,0.16942848668048355
778,Dystopian Edge Publishing,10,0.1522031056202688,0.3329124579124579,0.0767813267813267,0.0,0.16850108969709676
779,3000AD,11,0.17867783561747,0.2380608761640644,0.1609336609336609,0.0,0.166142237502066
780,cBlck,16,0.11006583388985208,0.36044936703637687,0.0767813267813267,0.0,0.1620141173286266
781,Kedexa,33,0.030496358868303305,0.3983717040535222,0.0767813267813267,0.07551074928185542,0.15686811456850644
782,EJRGames,10,0.08269836266632989,0.3564423637750409,0.0767813267813267,0.0,0.15123340142199304
783,DIG Publishing,52,0.03466079475530808,0.4059152262162509,0.0767813267813267,0.0,0.14926211138549844
784,Sinnera,24,0.0298487873054824,0.40708166255041256,0.0767813267813267,0.0,0.14792783967830794
785,Astero,12,0.03945795053743444,0.3319580610021786,0.0767813267813267,0.0,0.12875396634502098
786,SunshineOvercast,12,0.0298487873054824,0.3234265686951109,0.0767813267813267,0.0,0.12283131152171745
787,Fury Games Production,13,0.05050049775261756,0.2968960084344699,0.0767813267813267,0.0,0.12210024210002246
788,Metal Fox,23,0.05528678025184086,0.2860890406391462,0.0767813267813267,0.0,0.1205333506361535
789,JY,11,0.0298487873054824,0.2940474583895636,0.0767813267813267,0.0,0.11401757843005327
790,Pix Arts,16,0.05097859142833919,0.208123754552326,0.0767813267813267,0.09482893110003723,0.10986023838688744
,ALPHY,12,0.03329564220687902,,0.0767813267813267,0.0,
,Anima Games,10,0.08719770526287209,,0.3255528255528255,0.5919867933001117,
,Bennaction,14,0.04730920857119131,,0.0767813267813267,0.0,
,Casual Arts,39,0.03621586612193208,,0.4557739557739558,0.41827158800002806,
,Click on things together,10,0.0298487873054824,,0.0767813267813267,0.798325516910148,
,Dinosaur workshop,11,0.07583288525032905,,0.304054054054054,0.8055220682000604,
,Encore Software LLC,10,0.0298487873054824,,0.6461916461916462,0.0,
,Gaming Factory S.A.,14,0.0952965838733979,,0.4914004914004914,0.0,
,HUNTERS,21,0.045919968822909746,,0.0767813267813267,0.14800706314284306,
,Inoa Games,12,0.0298487873054824,,0.0767813267813267,0.812142253641152,
,Kedronic UAB,10,0.07715799587667373,,0.6191646191646192,0.0,
,LH Games Limited,11,0.0298487873054824,,0.0767813267813267,0.35129547395285654,
,LoadUpGames.com,22,0.08982557126622792,,0.0767813267813267,0.39991023018179006,
,Michael Richard Lannon,14,0.08611226985516443,,0.0767813267813267,0.7264279679268663,
,OG Games,13,0.07140024973117641,,0.0767813267813267,0.8182715880000281,
,Paul Connor,17,0.09141563405403721,,0.0767813267813267,0.220540215141251,
,Pixel After Pixel,10,0.0298487873054824,,0.3255528255528255,0.11732893110003724,
,Pokies4fun,11,0.0298487873054824,,0.0767813267813267,0.35129547395285654,
,Queen's Court,13,0.06051784126742632,,0.0767813267813267,0.7659884074873059,
,QuickBobber,37,0.0298487873054824,,0.0767813267813267,0.0,
,Schwan OG,10,0.0298487873054824,,0.3255528255528255,0.798325516910148,
,Soomka Games,11,0.02784550994812244,,0.0767813267813267,0.5538049751182936,
,SupaGames,13,0.10013798671382822,,0.0767813267813267,0.0,
,magnussoft,52,0.05212121602101699,,0.4496314496314496,0.5131771255516961,
