rank,primary_publisher,game_count,scale_reach_score,quality_score,engagement_score,momentum_score,overall_score
1,Valve,36,0.9158921865635113,0.915982630710754,0.9387254901960784,0.12640674805044022,0.8020631647572369
2,Coffee Stain Publishing,13,0.7433754582342671,0.9192777499172354,0.965686274509804,0.16359257093695215,0.7536408758996678
3,PlayStation Publishing LLC,18,0.7360198031856569,0.8365172112988634,0.9754901960784312,0.29028759809314164,0.7472032734342965
4,CAPCOM Co.,41,0.6580200269995072,0.8353520064333331,0.9901960784313726,0.3298592010913947,0.7284307072298111
5,Xbox Game Studios,57,0.6502594628658107,0.8408727267219145,0.9705882352941176,0.2469351014033837,0.7110105422889391
6,Bandai Namco Entertainment,25,0.5979318630940145,0.8185585511866312,0.9950980392156864,0.329639913579474,0.7033093123189528
7,Electronic Arts,105,0.6545372863923667,0.7408576295617584,0.9926470588235294,0.35608794890623313,0.7032879432064968
8,Klei Entertainment,12,0.6861038085880562,0.9127320734482821,0.9227941176470588,0.01740838373263764,0.7011260361296118
9,Hooded Horse,14,0.5193664773635147,0.8428951196151281,0.9852941176470588,0.3751777893074744,0.6879822948873013
10,SEGA,222,0.5196050774834984,0.8240939584427713,0.971813725490196,0.36494224708993817,0.6781940468135857
11,Raw Fury,49,0.5244527972662119,0.8277585274012882,0.9730392156862744,0.3292129000368471,0.6758758154063425
12,Ubisoft,151,0.5943066451492844,0.7230105656855605,0.9681372549019608,0.35311905297581403,0.671505804434682
13,Frontier Developments,11,0.6186211100737659,0.7705561731704735,0.9816176470588236,0.17270365129230353,0.6699133175825703
14,Warner Bros. Games,17,0.664011163407614,0.6950044636385924,0.993872549019608,0.19249649457429538,0.6685542302743085
15,Arc Games,13,0.6360034465584204,0.7745887347284739,0.920343137254902,0.16359257093695215,0.6635853398055125
16,2K,84,0.6033257075335574,0.7099999601924958,0.9987745098039216,0.26308007448898346,0.6633808988286256
17,Bethesda Softworks,66,0.6425392835785306,0.7583397833267946,0.8774509803921569,0.233737409653978,0.6629414917770522
18,New Blood Interactive,10,0.5404088530652988,0.972253327476558,0.8088235294117647,0.12,0.660583802698175
19,Team17,45,0.5250614031086129,0.7438126808057852,0.9252450980392156,0.40242862540842583,0.6523286087488571
20,Square Enix,161,0.5139835250946512,0.7340327622990741,0.9865196078431372,0.36227613397972475,0.6517494041384363
21,Rockstar Games,18,0.6509809785651888,0.7461740204631098,0.8602941176470589,0.15695426475980825,0.6472975118801321
22,11 bit studios,19,0.5484479849019979,0.7875840251103132,0.9301470588235294,0.22019417680915299,0.647290540534872
23,WB Games,10,0.6143498884432994,0.8172695919227988,0.9350490196078431,0.0,0.647213142453563
24,Private Division,11,0.567198660388646,0.7442918884787091,0.9080882352941176,0.28179456038321254,0.6456939287959443
25,Devolver Digital,132,0.5072206218945605,0.8487376060307107,0.8063725490196079,0.34609744196671144,0.6453376255712376
26,IndieArk,14,0.33960863160353405,0.8519238595727043,0.8958333333333334,0.5894635035931888,0.6420263711386933
27,Activision,65,0.6194969499245658,0.7436739522990881,0.8137254901960784,0.23286964217763897,0.637601662529186
28,Annapurna Interactive,32,0.5144982366413954,0.8771680751548026,0.7708333333333334,0.24573426617695657,0.6342516119641393
29,Tripwire Interactive,15,0.5724103232960757,0.8336065056838458,0.875,0.03904608117265604,0.6312824770346787
30,Yogscast Games,18,0.39452081291884367,0.8181892992151372,0.8897058823529411,0.45695426475980827,0.6300233904706959
31,HypeTrain Digital,26,0.45294281336635156,0.8235024044809266,0.9448529411764706,0.23203429877771878,0.6293564390744529
32,BANDAI NAMCO Entertainment,67,0.5152294204545502,0.7498740399674017,0.9767156862745098,0.18982671569459175,0.6291096537584038
33,KONAMI,36,0.48554183846506815,0.7260374749216529,0.9803921568627452,0.2930734147171069,0.6277903295193847
34,Paradox Interactive,87,0.5421077266945914,0.708038109228816,0.928921568627451,0.25807389988533663,0.6266445358200425
35,PlayWay S.A.,79,0.4107340417971802,0.777858110110955,0.946078431372549,0.39663591738223936,0.6258254215441452
36,Focus Entertainment,66,0.5038098110625556,0.7127016265633126,0.9375,0.3064646823812507,0.6236136241980758
37,2 Left Thumbs,15,0.271710241065706,0.9306474966121496,0.8823529411764706,0.479046081172656,0.6226203337678345
38,Humble Games,46,0.4421309005572825,0.8180486256818789,0.8848039215686274,0.29481467308173354,0.6213433881755981
39,Spike Chunsoft Co.,52,0.36237037237026337,0.8429167806414573,0.9595588235294118,0.32539488059785837,0.6204256613175905
40,Skybound Games,15,0.501367927055485,0.8517221481473585,0.7218137254901961,0.27904608117265606,0.6172150761875649
41,Crystal Dynamics,19,0.5736998370630236,0.7992521558305532,0.8333333333333334,0.062299439967047725,0.6165821723829481
42,Dire Wolf,12,0.34656453906103313,0.8753085427315277,0.9791666666666666,0.21740838373263763,0.612334742384049
43,Gamera Games,52,0.3574536953998644,0.7657751925276359,0.9779411764705882,0.3946256498286276,0.6096234339166551
44,Curve Games,37,0.5441069354689418,0.7452069358333718,0.8186274509803921,0.21026687568772567,0.6092650297133785
45,NEOWIZ,14,0.4901190866889042,0.7823948876744692,0.883578431372549,0.16089207502176012,0.607109644171231
46,tinyBuild,101,0.4435633831753953,0.7639533568215433,0.8541666666666666,0.3449507391534248,0.6070091353641984
47,Future Friends Games,10,0.3464055699261567,0.8687089863433944,0.8872549019607843,0.3,0.6043056257693301
48,Deep Silver,47,0.5708517923515515,0.6536787376147242,0.8296568627450981,0.28118992181769775,0.6040116094291346
49,Goblinz Publishing,27,0.4048846577564952,0.7068471693605192,0.9558823529411764,0.3862514512111389,0.6028779692928352
50,Secret Mode,14,0.3960403338428039,0.8187809638363904,0.8713235294117647,0.2894635035931887,0.6019326374172298
51,Alawar,15,0.4681302075774538,0.7882790987227956,0.8566176470588235,0.199046081172656,0.6015097438566105
52,HIKARI FIELD,44,0.2165294438964537,0.9680443744042457,0.9325980392156864,0.3240776399000154,0.6013298715131721
53,Kitfox Games,12,0.47858802260834443,0.8199061526277152,0.8468137254901961,0.11740838373263761,0.60045165635917
54,Funcom,16,0.5318955501800305,0.7386262834296693,0.8688725490196079,0.12036365600091904,0.599580385795971
55,Thunderful Publishing,21,0.3392936747650709,0.8237520794726891,0.9424019607843136,0.3008029584182648,0.599479245929184
56,Armor Games Studios,42,0.34831334306348766,0.8895470177778747,0.8321078431372549,0.28492450922855417,0.5979340204173172
57,Akupara Games,32,0.3813883201525116,0.8240095524038953,0.9117647058823528,0.22698426617695655,0.5970893588775616
58,Gearbox Publishing,14,0.5741946852013081,0.7451546902529393,0.7340686274509803,0.16089207502176012,0.5954620836397997
59,Warner Bros. Interactive Entertainment,33,0.5584110561384723,0.7860567383561119,0.7267156862745098,0.1175951858477554,0.5942433062873642
60,Playtonic Friends,10,0.31860784233575046,0.8923402713793778,0.8921568627450981,0.24,0.5936461987803456
61,Bohemia Interactive,34,0.5228620618526255,0.6358626935573181,0.9522058823529412,0.19120415641075938,0.5928823296478165
62,Ravenage Games,16,0.2988454228205271,0.7388062059454996,0.9019607843137256,0.5703636560009191,0.5921844650337174
63,Fireshine Games,16,0.376657529983179,0.7188712221155806,0.9583333333333334,0.345363656000919,0.5909627171955913
64,Lucasfilm,11,0.5128838801024322,0.8842204648504692,0.7230392156862745,0.009067287655939919,0.590743433776638
65,OKJOY,10,0.2417734010897714,0.8466942700846141,0.8970588235294118,0.48,0.5900407361126866
66,THQ Nordic,145,0.4603008913904012,0.7083033150095839,0.8394607843137255,0.31496923038287994,0.5887338479096927
67,Rebellion,37,0.5070127361204447,0.7867379991332532,0.7732843137254902,0.12918579460664464,0.5875105893182263
68,2P Games,21,0.27764781423998813,0.8152422423807946,0.8419117647058824,0.5008029584182648,0.5852522044021504
69,Zachtronics,17,0.37740004322607357,0.9038883996798052,0.8651960784313726,0.051320023986060115,0.5839937543172509
70,505 Games,48,0.499331157698262,0.675816523609094,0.8578431372549019,0.23067904347184415,0.5836813462488769
71,Kalypso Media,17,0.4817702585092321,0.65710658318132,0.9338235294117648,0.19249649457429538,0.5813907455011245
72,Daedalic Entertainment,92,0.4474507955796617,0.7469564999751928,0.7573529411764706,0.3268012327100199,0.5811855015872365
73,FireFly Studios,12,0.5402111681226092,0.6968789492784757,0.8639705882352942,0.06740838373263762,0.5810429688334103
74,PopCap Games,54,0.32826221629332836,0.9072774530446337,0.8406862745098039,0.16771641848806437,0.5803697292912254
75,KOEI TECMO GAMES CO.,103,0.35643388373793866,0.7231906103181415,0.9877450980392156,0.26905442958382625,0.579616226449138
76,Introversion Software,12,0.460184650666298,0.7854343614143092,0.8235294117647058,0.11740838373263761,0.5790120760703339
77,NekoNyan Ltd.,27,0.19900626527180984,0.9258940497947704,0.9497549019607844,0.27514034010002786,0.5786424391907256
78,WhisperGames,14,0.2826080792822157,0.8540850158859292,0.9644607843137256,0.20374921787890302,0.5785928720591348
79,Coatsink,15,0.3253335414055782,0.8417967504456116,0.9240196078431372,0.15904608117265603,0.5750665983701616
80,Vertigo Games,19,0.32904612114546056,0.7452319242740241,0.9889705882352942,0.251773124177574,0.5742958059568133
81,Walter Machado,18,0.413106634262064,0.8671101908287375,0.8051470588235294,0.05695426475980828,0.5742929307190208
82,Crytivo,27,0.27406348361541233,0.7554863833819332,1.0,0.3418070067666945,0.5738391852949785
83,indie.io,68,0.2753000536097619,0.7322126862866546,0.8627450980392157,0.5619362636993305,0.5728582838121558
84,Thermite Games,10,0.4177645563944329,0.7464917756195263,0.7426470588235294,0.36,0.5726945391886153
85,LucasArts,33,0.48428678313327017,0.8120233620276788,0.7095588235294118,0.1175951858477554,0.5726584252879939
86,Good Shepherd Entertainment,33,0.427962685786081,0.7822225279351334,0.8100490196078431,0.17214064039320992,0.5722845983862185
87,Maximum Entertainment,37,0.28029169050448266,0.7411979261968347,0.9276960784313726,0.4372939027147527,0.5715947706291068
88,Team17 Digital Ltd,45,0.4272881730671879,0.7126279818765586,0.9044117647058824,0.1757619587417592,0.5705859018889238
89,Nicalis,21,0.5325968154465633,0.7871106333631506,0.6409313725490197,0.12937438698969345,0.5701345079735003
90,Chucklefish,12,0.542528412502577,0.7289768380252373,0.7169117647058824,0.11740838373263761,0.5695716062845453
91,Mango Party,55,0.07610118952901446,0.8287145470644591,0.9975490196078431,0.6277759103509047,0.5689259709286971
92,Kairosoft Co.,54,0.14619178959171128,0.8387963716108711,0.954656862745098,0.5010497518213977,0.5688948731625895
93,SNK CORPORATION,30,0.3958500414659685,0.7890121940051067,0.8357843137254902,0.16796914044610672,0.567603406526635
94,Stardock Entertainment,21,0.45309656143709187,0.6521714597512418,0.9399509803921569,0.157945815561122,0.5659173028409543
95,No More Robots,14,0.3912450746905949,0.8362305372623147,0.7622549019607843,0.16089207502176012,0.5643897289658234
96,XSEED Games,60,0.3352647985351328,0.8127229928942403,0.8443627450980392,0.22850619279723103,0.564308055294761
97,Idea Factory International,33,0.3350717476084647,0.7815928610112914,0.9007352941176472,0.2085042767568463,0.5631756703034063
98,Destructive Creations,10,0.404358572013372,0.7322014917987454,0.9142156862745098,0.12,0.5620290849992058
99,Twin Sails Interactive,25,0.3488468313745143,0.6976873941744113,0.9571078431372548,0.257639913579474,0.5614701648977755
100,Untold Tales,36,0.29455297219750537,0.775097118083383,0.8590686274509803,0.35974008138377356,0.5613974133919037
101,Nacon,98,0.3737077004961126,0.5816174727287506,0.9607843137254902,0.4126420017416682,0.5593360999986129
102,DreadXP,18,0.2801032307308021,0.8831218708543572,0.7132352941176471,0.3569542647598083,0.5591628905495887
103,Kagura Games,154,0.21423627083966112,0.7468926574586525,0.9178921568627452,0.5094517927004049,0.5590466923090869
104,Deck13,20,0.3204283065169673,0.7522245249464075,0.9840686274509804,0.157383768805534,0.5582385555758869
105,T-Time Technology CO.,13,0.14824588628785706,0.7540440854428304,0.931372549019608,0.6251310324754137,0.5581434505088327
106,L. Stotch,17,0.44658721440893284,0.838159931129973,0.7120098039215687,0.051320023986060115,0.5578534687643412
107,Fatshark,13,0.5179230945810197,0.6563447236857639,0.8700980392156863,0.025131032475413723,0.5559657629235354
108,MDickie,11,0.13641460495179727,0.8922317254038219,0.9411764705882352,0.3363400149286671,0.5541009257112228
109,Milestone S.r.l.,42,0.32364261198758204,0.7197917622616155,0.9509803921568628,0.227781652085697,0.5535757691183654
110,Capcom,30,0.5215935459727271,0.7326231839546786,0.6703431372549019,0.10796914044610673,0.5526086947947545
111,Jackbox Games,27,0.3350252874413926,0.7713841749951917,0.9129901960784312,0.1418070067666945,0.5525431933337354
112,Apogee Entertainment,20,0.2637732160725596,0.8703811510667392,0.8272058823529411,0.217383768805534,0.5514837127368359
113,SNEG,47,0.161016762321685,0.7826220748516405,0.8982843137254902,0.536509070753868,0.5512757126262602
114,USERJOY Technology Co.,16,0.3561297483417638,0.750910283320759,0.9215686274509804,0.08286365600091905,0.5466617708061791
115,Egosoft,10,0.49878685681036605,0.6739332531126221,0.8455882352941176,0.0,0.5458730228762383
116,Quiet River,26,0.48402026229906514,0.9007340291712871,0.4436274509803921,0.1166496833931034,0.5458502432611029
117,Dear Villagers,41,0.3631689037486616,0.7598157988200214,0.6936274509803921,0.3444933474328581,0.5454533482690451
118,Finji,12,0.44152425685241714,0.8326854480380872,0.6813725490196079,0.01740838373263764,0.5432248916735894
119,Frozenbyte,15,0.50140385108041,0.717263922360472,0.7303921568627451,0.03904608117265604,0.5426058681347325
120,Eidos Interactive Corp.,11,0.5790656246047585,0.7262452618791015,0.6029411764705882,0.009067287655939919,0.5424948756179047
121,Codemasters,22,0.505468147680744,0.685357908937716,0.741421568627451,0.07686376222825621,0.5423351024293038
122,Sekai Project,186,0.2265030922562984,0.855663641856149,0.7536764705882353,0.36943724260270516,0.542126055354602
123,SOFTSTAR ENTERTAINMENT,27,0.28130484639141595,0.7490263218303475,0.9534313725490196,0.18625145121113895,0.5417885849775745
124,Dotemu,12,0.4029384370709561,0.7651320345425723,0.7647058823529411,0.11740838373263761,0.5411204973680902
125,Matthew Brown,10,0.29977756593879135,0.8736965461437947,0.8223039215686274,0.06,0.5404918962354408
126,D3PUBLISHER,25,0.32430521700228887,0.6765557853879985,0.9620098039215688,0.20963991357947398,0.5403215093884356
127,GrabTheGames,85,0.328506626121589,0.7628814446286518,0.7683823529411765,0.28488713151236533,0.5402512928462417
128,NIS America,64,0.24196209183535428,0.766186646281528,0.9105392156862744,0.28824980222070196,0.5398880394971926
129,MicroProse Software,30,0.31804524863534533,0.7236298540574151,0.8026960784313726,0.3279691404461067,0.5381393799927858
130,Hyperstrange,11,0.2720123487177667,0.8881458101001185,0.7487745098039216,0.17270365129230353,0.5373085147358838
131,Slitherine Ltd.,121,0.2390147584801231,0.7228978543930975,0.9473039215686274,0.3152005325614228,0.5372653859839113
132,Aspyr,14,0.37065539838327877,0.6450961429252067,0.9166666666666666,0.20374921787890302,0.5371539483268783
133,072 Project,34,0.0872343070515535,0.7741253054431927,0.8431372549019608,0.7029688622931123,0.5368423794253605
134,Wired Productions,19,0.34585954449231676,0.7065855793995839,0.803921568627451,0.28335207154599507,0.5363136388495754
135,PQube,68,0.26102510369172344,0.7094483783912768,0.8860294117647058,0.3501715578169775,0.5339249158349741
136,Games Incubator,22,0.26067340898079167,0.676114242612943,0.9362745098039216,0.34959103495552885,0.5337635231312736
137,GirlGames,11,0.3563446464202401,0.9285541985329373,0.5625,0.11815819674684899,0.5335106153189926
138,JAST,12,0.0892071279024236,0.8606296039758141,0.8676470588235294,0.4674083837326376,0.533052045283194
139,JAST USA,23,0.21231494861876676,0.9229655764141423,0.8259803921568627,0.1073857740245154,0.5325038494758609
140,Telltale,17,0.41286176546854375,0.8096697511237922,0.6605392156862745,0.08661414163311892,0.5325025076333507
141,Playmeow,53,0.10515956951797255,0.7412517691024089,0.9191176470588236,0.5846722146913186,0.5307057416774756
142,inXile Entertainment,11,0.4280661865592833,0.7334942936550901,0.7965686274509803,0.009067287655939919,0.5305452720308632
143,FIVE-BN GAMES,48,0.24811545128451823,0.8719633657210115,0.7365196078431373,0.21817904347184414,0.5284601957552889
144,Graffiti Games,19,0.34711338402128317,0.7478502715290364,0.7867647058823529,0.15703628207231085,0.5267531493534772
145,Neon Doctrine,19,0.4459365213011534,0.7581923862304161,0.5968137254901961,0.15703628207231085,0.5264536857334143
146,HeroCraft PC,13,0.32973185922380216,0.7527739278944405,0.6985294117647058,0.3020541093984906,0.5262523278593776
147,Hook Games,17,0.3362897471278726,0.8472202131527891,0.7316176470588235,0.051320023986060115,0.5258890084502659
148,NVLMaker,15,0.3064435205722201,0.9460098456170001,0.5821078431372549,0.11904608117265601,0.5253366666887264
149,Mediascape Co.,28,0.18475506468314426,0.905312826703257,0.7855392156862745,0.20816221817308872,0.5245902965132957
150,Iceberg Interactive,66,0.29101574831713634,0.6425835565846281,0.9264705882352942,0.29737377329034165,0.5245307625269962
151,Prime Matter,18,0.447002325953342,0.6004888938831817,0.7450980392156863,0.25695426475980826,0.5241602298057327
152,CI Games,14,0.5355880525477223,0.5955793519482846,0.7328431372549019,0.07517778930747444,0.5239749198232898
153,DANGEN Entertainment,24,0.2606030998595612,0.8577012981583136,0.7377450980392157,0.18555279876143937,0.5239034138203995
154,方块游戏(CubeGame),31,0.24470391262259747,0.6554729432922196,0.9056372549019608,0.4016001916646537,0.5236557321356652
155,MangaGamer,82,0.14726852544679403,0.8971293059426926,0.8125,0.2691353981112584,0.5235530854058744
156,PLAYISM,106,0.2904923786007767,0.7967119457280958,0.6899509803921569,0.288009831851422,0.5218775870848452
157,OTAKU Plan,58,0.1702725214283984,0.7800431479239642,0.7757352941176471,0.4853770963697818,0.5215619501561254
158,Waku Waku Games,14,0.0909925087397921,0.8298387231904547,0.8553921568627451,0.46089207502176016,0.5210112376418767
159,EMIKA_GAMES,10,0.2167971160554378,0.8745909064810521,0.7775735294117647,0.18,0.5207709684460717
160,INTI CREATES CO.,20,0.3043201800089928,0.8567349295944591,0.6421568627450981,0.18738376880553398,0.5200714797513349
161,Assemble Entertainment,59,0.3136639646760127,0.7212027734001594,0.7193627450980392,0.3293260790253602,0.5194146805300642
162,Shiravune,70,0.10508566308826975,0.8445041186808536,0.7524509803921569,0.5200398901125947,0.5186273972804711
163,Critical Bliss,29,0.0687086352084795,0.8563861907732369,0.982843137254902,0.2700694176764783,0.518042919657391
164,Euphoric Brothers,10,0.3317518551714064,0.5912341007731625,0.8933823529411765,0.3,0.5171598501301763
165,Gotcha Gotcha Games,43,0.2367022818789199,0.7726496609119848,0.8615196078431373,0.2002770131820447,0.5169861704771517
166,Pixeljam,17,0.2311709536332998,0.8745596971338407,0.75,0.15720237692723657,0.5168580994508927
167,Nightdive Studios,41,0.29266272639956675,0.7708854039818835,0.7671568627450981,0.19815188401822398,0.5168517305861666
168,aNCHOR Inc.,11,0.15435588824870722,0.8809768731936677,0.903186274509804,0.11815819674684899,0.5166786072591361
169,Fellow Traveller,23,0.4001394638907532,0.8000301763830087,0.5600490196078431,0.15955968706799364,0.5160016222584338
170,Tate Multimedia,10,0.36749033775077633,0.6834611221351072,0.7279411764705882,0.24,0.5152481901474216
171,Snapbreak,10,0.22741712776152584,0.7337197317913575,0.8517156862745098,0.3,0.5150550515088432
172,Serenity Forge,17,0.38700756345577597,0.7569621160165724,0.6151960784313726,0.19249649457429538,0.5144549718869121
173,Top Hat Studios,14,0.16499828605124583,0.8313444764973974,0.8174019607843137,0.2894635035931887,0.5140526607629963
174,KOMODO,105,0.22337233795098999,0.7606917234718151,0.8149509803921569,0.29323080604909024,0.513362652310186
175,Clouded Leopard Entertainment,16,0.14745453446505352,0.7992474860854952,0.991421568627451,0.15786365600091903,0.5133471950140454
176,Arc System Works,38,0.3441345059749221,0.6833675898662617,0.7794117647058824,0.2108400183306468,0.5129657097418747
177,Double Fine Productions,14,0.5265718084111185,0.8029329702693281,0.4142156862745098,0.03232064645033161,0.5128712582471416
178,Aerosoft GmbH,44,0.3410979214839152,0.5404906361302948,0.943627450980392,0.2831685489909245,0.5127322359031758
179,Headup,54,0.32477391560602503,0.7032861463034623,0.7806372549019608,0.21216086293250877,0.512608294773416
180,Bonus Stage Publishing,15,0.15462050602159338,0.8055130580398572,0.7830882352941176,0.39904608117265605,0.5122456537542368
181,Versus Evil,25,0.3820351173000871,0.6899216100068533,0.6997549019607843,0.20963991357947398,0.5120857414861644
182,Schell Games,11,0.29989061676996187,0.8768385351653366,0.6286764705882353,0.11815819674684899,0.5114723000487621
183,Telltale Games,14,0.41111492003586914,0.8216157507608208,0.5796568627450981,0.03232064645033161,0.5111544167573698
184,Movie Games S.A.,31,0.33678622129633384,0.6488727143214008,0.8480392156862745,0.18869696585820206,0.5104493797661223
185,Frogwares,20,0.43930177782326785,0.6623293808375477,0.7144607843137255,0.097383768805534,0.5099541586729832
186,Toge Productions,25,0.2671539595781437,0.8931896066754246,0.6323529411764706,0.137639913579474,0.5085773431271928
187,Hanabi Games,10,0.07158847708166079,0.8578530597256648,0.7205882352941176,0.54,0.5075295319551042
188,Frontwing USA,37,0.1187841642564459,0.9024171761688901,0.7916666666666666,0.24269930812015816,0.5070378398917801
189,Grey Alien Games,38,0.0747477005878611,0.8489395717197992,0.8884803921568627,0.3213663341201205,0.5067445952710817
190,Merge Games,29,0.2996143486577042,0.7161260974027984,0.7475490196078431,0.24937976250406452,0.5066196195482142
191,Jetdogs Studios,44,0.27460915509623995,0.7769176639279184,0.7254901960784313,0.21498673080910635,0.5065345522991117
192,Toplitz Productions,19,0.37014166168939977,0.5544718901889819,0.909313725490196,0.1886152294407319,0.5060461781621335
193,INDIECN,24,0.2520943384563788,0.716733689374373,0.8370098039215687,0.2355527987614394,0.5059880058705741
194,PUNKCAKE Delicieux,14,0.17979722458665254,0.8656019098837485,0.5049019607843137,0.5466063607360458,0.5055809478377226
195,WayForward,18,0.3012163259244188,0.8267331512520248,0.6384803921568627,0.15695426475980825,0.5046848775944979
196,Fast Travel Games,12,0.21831253904380865,0.7001246634815469,0.7389705882352942,0.4674083837326376,0.5043521629167516
197,astragon Entertainment,29,0.4290366035727282,0.5785492491152979,0.7610294117647058,0.18731079698682312,0.5040300878860089
198,Revolution Software Ltd,10,0.38409304323767435,0.7158136550866631,0.7242647058823529,0.06,0.5030296028356556
199,Home Net Games,12,0.4168117427266582,0.7496462617792581,0.5661764705882353,0.11740838373263761,0.5016245401656505
200,Artifex Mundi,77,0.29777586325723715,0.7990386443323259,0.6348039215686274,0.20412417975643057,0.5015125567169209
201,Volens Nolens Games,59,0.2935394571206975,0.5913166800789574,0.9742647058823528,0.1767837061440043,0.5015043111140025
202,Winged Cloud,52,0.2686565363716219,0.8104654248188057,0.6200980392156863,0.2677025729055506,0.5013444089546792
203,Rogue Games,17,0.18503352372567966,0.7699326628787135,0.8284313725490197,0.263084729868413,0.5008905161576678
204,Atari,100,0.3021968879063371,0.6744045096336555,0.6948529411764706,0.3570527632282454,0.5006187663768455
205,NaipSoft,13,0.14924393652741208,0.8383277753543739,0.508578431372549,0.6251310324754137,0.4992190515367282
206,Kink Master Studios,12,0.14682210255416606,0.8274362065501306,0.6090686274509803,0.5174083837326376,0.49904358090908907
207,Cyan Worlds Inc,13,0.3395747121492122,0.7396974360493745,0.7009803921568627,0.11743872478310599,0.49857226721587505
208,Voltage Inc.,14,0.04627150299892713,0.8576731317115933,0.6488970588235294,0.6323206464503316,0.49812447429535806
209,Coldwild Games,11,0.24572050550995894,0.8278666804711783,0.6887254901960784,0.17270365129230353,0.4980128268029003
210,Momentum Games,12,0.0647696298369002,0.7941883116423591,0.9068627450980392,0.3674083837326377,0.4974096705151263
211,Valkyrie Initiative,14,0.31643368085901014,0.6546322833602929,0.7659313725490197,0.24660636073604586,0.4973187019289522
212,HeR Interactive,35,0.19452544224374446,0.8099332601922493,0.8247549019607843,0.14069441097575358,0.4971190248815052
213,Kasedo Games,15,0.3857946417945184,0.678491375879563,0.6973039215686274,0.11904608117265601,0.49589323388157425
214,QubicGames,25,0.09429521855495723,0.7982819193671066,0.5992647058823529,0.689639913579474,0.4957868305177587
215,Spiderweb Software,20,0.2561887752261759,0.8917955180700774,0.616421568627451,0.097383768805534,0.49509660579650505
216,HandyGames,62,0.31844433365668545,0.6845839960114626,0.7181372549019608,0.23025513175668408,0.4949964363271735
217,Humongous Entertainment,35,0.13372290174306706,0.8319951639467202,0.8995098039215687,0.1235515538328965,0.49483625865333775
218,Outright Games Ltd.,49,0.16423103376033177,0.6748831539630362,0.8799019607843137,0.39043738983276555,0.4944918086368046
219,G-MODE,47,0.0596573969994226,0.8077135784168377,0.7107843137254902,0.587572900541102,0.49348696030111255
220,101XP,12,0.30292968841131646,0.7016145913123808,0.758578431372549,0.16740838373263764,0.4933367121720804
221,Chilla's Art,27,0.22405409073860671,0.7006144553198894,0.8492647058823529,0.2306958956555834,0.4930605938792873
222,Phoenixx Inc.,20,0.10062963591427035,0.8472887961415975,0.8075980392156863,0.277383768805534,0.49253418457644116
223,Clear River Games,18,0.06457757350822628,0.8159281791858124,0.6274509803921569,0.6569542647598082,0.4914139402760255
224,Fulqrum Publishing,117,0.3573741775852364,0.6276407217054094,0.6691176470588235,0.2934176447842574,0.4912093547958588
225,SakuraGame,27,0.34666932277309975,0.7980888086777516,0.5588235294117647,0.11958478454447229,0.49046332913793417
226,Nival,10,0.41360084692233423,0.651299649541097,0.7512254901960784,0.0,0.4903952893243617
227,10tons Ltd,18,0.3346270954390617,0.812843618535986,0.5772058823529411,0.09028759809314157,0.48995688514902686
228,qureate,18,0.0939452083508447,0.8229486714926932,0.8811274509803921,0.22362093142647493,0.4895340542806533
229,Nukearts Studio,10,0.08929874133967827,0.9374885835928974,0.6102941176470589,0.36,0.48855995807616837
230,Adamvision Studios,10,0.33371458113580377,0.9657372975637375,0.3633578431372549,0.06,0.48819286129410355
231,indienova,21,0.20534520817935764,0.8572429380851048,0.6311274509803921,0.21508867270397913,0.4875324953899819
232,Kalypso Media Digital,57,0.4167603301689229,0.6161910904032343,0.6531862745098039,0.17325089087706796,0.4873483312136142
233,DSGame,23,0.35282571728455947,0.7097879492742749,0.5955882352941176,0.21173360011147188,0.4873030729074226
234,Alawar Casual,126,0.14519540815183563,0.773659546339837,0.7720588235294118,0.33111382451849863,0.4869950951387507
235,Application Systems Heidelberg,18,0.2408302521366418,0.8752195602958383,0.6556372549019608,0.05695426475980828,0.4865270470309395
236,Saikey Studios,14,0.08425784309476889,0.6447983191221792,0.8737745098039216,0.5894635035931888,0.48610416831958553
237,Vaka Game Magazine,17,0.16191841815281316,0.8601483678180829,0.6838235294117647,0.2277906122213542,0.48564925441446555
238,Studio Goya,10,0.1314928875555816,0.8788622357780072,0.8786764705882353,0.0,0.4854164754955028
239,Ripstone,14,0.28555667521260936,0.650940094655441,0.9154411764705882,0.03232064645033161,0.483163196982713
240,Sigma Team Inc.,18,0.3312823456402081,0.701821014335582,0.7401960784313726,0.05695426475980828,0.4830774806749931
241,QUByte Interactive,19,0.12911655038727707,0.7992520754998804,0.6593137254901961,0.4412468083881003,0.4830161816417654
242,Wadjet Eye Games,18,0.2858891631872333,0.9334808588453842,0.471813725490196,0.05695426475980828,0.4830113495811573
243,H2 Interactive Co.,10,0.372802718993892,0.7339039782172515,0.6580882352941176,0.0,0.48226979217186117
244,Phoenix Games,14,0.3140173413144125,0.6683841299352655,0.8345588235294118,0.03232064645033161,0.48218117011405615
245,致意,11,0.2326498097277866,0.9132481504957786,0.5392156862745098,0.11815819674684899,0.48096874532038814
246,Best Place Apps,10,0.08858335113831736,0.858531746031746,0.6004901960784313,0.48,0.48066173592362116
247,Microids,114,0.30244226816882686,0.5945282245323091,0.7034313725490197,0.37089597019000475,0.48053393125708677
248,Fruitbat Factory,39,0.26135589673730875,0.7758317297289077,0.6629901960784313,0.14991558519849946,0.47930945977219147
249,Whitethorn Games,18,0.27267055534919166,0.7672296197254269,0.6225490196078431,0.1902875980931416,0.47865652392538505
250,Ravenscourt,21,0.3111581320460068,0.6701639667501542,0.6776960784313726,0.21508867270397913,0.47775705283302006
251,Cotton Game,11,0.24037965738572067,0.794217543519606,0.6446078431372549,0.17270365129230353,0.4772252594621806
252,Games Operators,30,0.3055013094040744,0.6266866534532776,0.7843137254901961,0.16796914044610672,0.4769895704923645
253,Flat Cat Games,11,0.188099846313526,0.8129557635525735,0.7818627450980392,0.06361274220139446,0.4756361356253231
254,PID Games,31,0.19279646988553065,0.7520665862775666,0.6213235294117647,0.38224535295497625,0.4747002491688051
255,Disney,50,0.31028416674074044,0.6964164020488163,0.6617647058823529,0.1598479221778756,0.47385450847705596
256,SOEDESCO,22,0.3063331201434758,0.5944357786712715,0.8161764705882353,0.15868194404643798,0.4725849113762107
257,ESDigital Games,75,0.27306716114386065,0.6918959527919325,0.6642156862745098,0.241417324453481,0.4721980281608551
258,TinyHat Studios,19,0.03900225636524522,0.7856136901227118,0.9632352941176472,0.1886152294407319,0.4702742400042885
259,Lovely Games,33,0.19780525820018274,0.6735890211832036,0.6299019607843137,0.48123154948411906,0.4694736713045056
260,3dm_live_wallpapers,14,0.2126794214402566,0.6318544441691636,0.9669117647058824,0.07517778930747444,0.46865315209213654
261,Pixel Puzzles,16,0.3858951186139514,0.7287163767523166,0.5122549019607843,0.08286365600091905,0.4685587333328727
262,PsychoFlux Entertainment,81,0.1458301533001444,0.8503757179251574,0.5698529411764706,0.3204467802708071,0.4681908743085129
263,Chorus Worldwide Games,16,0.1798833313376647,0.7893914873305276,0.6372549019607843,0.27036365600091905,0.4677821409596356
264,Sigyaad Team,15,0.16692333207861926,0.8756113507254568,0.6139705882352942,0.15904608117265603,0.46775760126811106
265,LGT SIA,38,0.03151593862936636,0.8397751322751323,0.5894607843137255,0.5739979130674889,0.46695496202568637
266,Soldak Entertainment,12,0.12375047215385457,0.8205903015594675,0.8308823529411765,0.06740838373263762,0.4657774838698203
267,Interplay,17,0.25864596031934817,0.764483514943429,0.6862745098039216,0.051320023986060115,0.4648240461534939
268,RockGame S.A.,11,0.24437369068227605,0.7051337589227982,0.7083333333333334,0.17270365129230353,0.46464313377614824
269,Beijing Happy Entertainment Technology,10,0.12093725331392888,0.7456135736034093,0.7634803921568627,0.3,0.4637081891722704
270,Modern Wolf,10,0.3205031176011429,0.6374849512508127,0.7549019607843137,0.06,0.4634019686925066
271,Shady Corner Games,21,0.03376627746431228,0.7276284858213193,0.7904411764705882,0.5008029584182648,0.46331542191576247
272,GameHouse,47,0.16364999191920146,0.787885604833148,0.6360294117647058,0.28118992181769775,0.46302754924726075
273,HFM Games,15,0.3292564514970554,0.6450938998456814,0.6519607843137255,0.15904608117265603,0.4630169970163173
274,SimBin,10,0.2951595375795067,0.7618177025838437,0.6507352941176471,0.0,0.4619982077515099
275,I commissioned some series,57,0.06503055207813176,0.8718515010903761,0.3700980392156863,0.6785140487718047,0.4601128587133668
276,Retroware,10,0.21697273545716902,0.850363865507434,0.5514705882352942,0.12,0.4593437347092982
277,Anshar Publishing,10,0.2593659638650697,0.6700806899057565,0.7463235294117647,0.12,0.4590670002068543
278,Live Motion Games,12,0.33665233029808717,0.6403222569743516,0.7291666666666666,0.01740838373263764,0.458369583589865
279,Ludosity,11,0.3076705961086651,0.8827573399187845,0.3774509803921568,0.06361274220139446,0.4575440180223086
280,冷笑黑妖,18,0.2636873335524157,0.8593660696898633,0.4375,0.12362093142647496,0.45614352736427577
281,Midnight Games,14,0.17935948734772864,0.5096219074203605,0.821078431372549,0.503749217878903,0.4554404617541584
282,Wales Interactive,26,0.33455667718097115,0.6412712351342934,0.5882352941176471,0.18588045262387265,0.45500533427073825
283,Might and Delight,12,0.3960133141276294,0.814963756142117,0.3419117647058823,0.01740838373263764,0.4540873972883775
284,Duality Games,12,0.27728990348486215,0.7035790865195417,0.678921568627451,0.06740838373263762,0.4540207634609501
285,DreamBig Games,14,0.08335446739618652,0.6576969405817901,0.8504901960784313,0.3751777893074744,0.4528578533750098
286,Nomad Games,11,0.30971894223020474,0.6362137435017585,0.7598039215686274,0.009067287655939919,0.45258663029321566
287,Henteko Doujin,41,0.2051065776853963,0.828954244243788,0.4448529411764705,0.28595676206700443,0.45233767800836994
288,upjers,15,0.34054257601282306,0.5086925419436273,0.8725490196078431,0.03904608117265604,0.4521643802850433
289,Avalon Digital,27,0.08974526618426625,0.7698676060469087,0.7071078431372549,0.31958478454447226,0.4517304112876876
290,KIMIDORI SOFT,15,0.1242892000496213,0.7513485470241748,0.7046568627450981,0.27904608117265606,0.45169406884953794
291,Next Game,23,0.06979121854663524,0.803343020665406,0.866421568627451,0.08129881750277629,0.4509089690418508
292,JanduSoft,36,0.194391672704589,0.7204733301062968,0.5208333333333334,0.40974008138377355,0.44980676335272785
293,okyakusama,13,0.09424877798505077,0.5362409148566682,0.9485294117647058,0.44051564786002906,0.4496425762837138
294,Big Ant Studios,14,0.19138186746503175,0.712085825094531,0.8198529411764706,0.03232064645033161,0.44942808634396425
295,Eternal Dream,10,0.2719582692216633,0.9185856051498962,0.3480392156862745,0.06,0.4493689189098059
296,8Floor,48,0.33183683225946575,0.6591763274653917,0.5367647058823529,0.18067904347184413,0.44835058722767773
297,Choice Provisions,11,0.288611631073852,0.6713736541808103,0.633578431372549,0.11815819674684899,0.4468655829166284
298,Conglomerate 5,205,0.24442226079241752,0.514204354929519,0.7977941176470589,0.31410814183714675,0.4464841425611856
299,Aksys Games,17,0.1107724565661591,0.677961310826594,0.8762254901960784,0.19249649457429538,0.4462783252714939
300,Eroge Japan,20,0.13180895205971266,0.7547232362783655,0.6825980392156863,0.24738376880553398,0.4461772772683764
301,Daisy Games,10,0.13125608873466385,0.8782028576646845,0.5012254901960784,0.24,0.4456455863957533
302,Dejobaan Games,11,0.24097788109358648,0.7314141501109372,0.5735294117647058,0.17270365129230353,0.4443779334628231
303,Topware Interactive,20,0.5163187096898131,0.5768966834651817,0.4007352941176471,0.067383768805534,0.44403517757534866
304,Flyhigh Works,32,0.1555872464887117,0.761441238586218,0.5931372549019608,0.2832342661769566,0.44400049875385017
305,Green Sauce Games,17,0.14679232129200348,0.8015599424291859,0.6678921568627451,0.12190825928017775,0.4437099654455327
306,TALESSHOP Co.,14,0.24915315877487498,0.8695527666907721,0.3566176470588235,0.16089207502176012,0.44352677624346654
307,NovaLogic,14,0.19551638922307696,0.7960817979711092,0.6544117647058824,0.03232064645033161,0.44298572552813587
308,Positech Games,14,0.34775529239899056,0.6525790810857428,0.5379901960784313,0.11803493216461727,0.4427913557057484
309,3D Realms,23,0.2359741491575193,0.6818554821198015,0.5784313725490197,0.2639075131549502,0.4424199983241187
310,Octo Games,18,0.13974676997087074,0.581968508693345,0.696078431372549,0.5236209314264749,0.44126074808628934
311,Cyber Keks,75,0.10268180711951086,0.6117668628668265,0.8014705882352942,0.409417324453481,0.44117540766695773
312,Hangover Cat Purrroduction,10,0.08326871343245724,0.8323567348841483,0.6764705882352942,0.18,0.4411451878136634
313,Forever Entertainment S. A.,79,0.2913466128422956,0.6070638873118095,0.5759803921568627,0.27511693004046717,0.4405540986257889
314,Dieselmine,28,0.060916879854573246,0.6723570413619819,0.7696078431372549,0.422447932458803,0.44031677885396664
315,Qumaron,38,0.08631146493643654,0.7438805726832064,0.8002450980392157,0.17926107096222577,0.44031136478489175
316,Sacada,24,0.14199040155828008,0.7975952266452377,0.6924019607843137,0.0855527987614394,0.440288520510048
317,Wolfs Moon Studios,12,0.12375047215385457,0.8542360696146131,0.4644607843137255,0.31740838373263763,0.44008690056087374
318,FarSight Studios,10,0.2832120741336418,0.5055033336094037,0.8529411764705882,0.12,0.4393634613237134
319,727 Not Hound,11,0.04023387598789598,0.8394678564236535,0.5735294117647058,0.39088546947412167,0.43926091629691905
320,Sounding Stone / 老奉毊,10,0.14125687304181134,0.8496578022132872,0.5845588235294118,0.12,0.4392490109345025
321,Ghostlight LTD,14,0.2077821398390935,0.6752484584046645,0.7928921568627451,0.03232064645033161,0.4387248148051808
322,SC Jogos,17,0.4171917454873646,0.7229705335186314,0.2610294117647059,0.15720237692723657,0.43869450986819364
323,Hitcents,12,0.31008325663512537,0.7898238735784604,0.3762254901960784,0.11740838373263761,0.4383326574949433
324,The Quantum Astrophysicists Guild,11,0.3147931340372695,0.7617508601942947,0.446078431372549,0.06361274220139446,0.4374604525760517
325,THQ,10,0.19654129504233095,0.7925860977802206,0.6488970588235294,0.0,0.4363446943635879
326,ARTE France,13,0.25610973120035896,0.7800753981217841,0.4693627450980392,0.11743872478310599,0.4351493830937346
327,WindField Games,10,0.08432356299086866,0.8251659758083252,0.5196078431372549,0.36,0.43498460841675257
328,Hanako Games,13,0.20807699032669674,0.807007819805651,0.5808823529411765,0.025131032475413723,0.4348754180155865
329,Lonely Troops,19,0.2867562511841692,0.7289940363382492,0.5318627450980392,0.062299439967047725,0.434780363830599
330,Lovely Games Hentai Club,13,0.2656758201661549,0.7140971210882463,0.4803921568627451,0.20974641709079836,0.43475606732079686
331,Hentai works,32,0.12749799140314957,0.8063519678476152,0.3584558823529412,0.5082342661769566,0.4344562037425186
332,Game for people,17,0.4950946735411603,0.6677050144008732,0.2622549019607843,0.051320023986060115,0.43374362404973393
333,CITY CONNECTION,29,0.11998103084762642,0.790022007971372,0.553921568627451,0.29075907284889213,0.43339813784090486
334,Endless Loop Studios,13,0.28563764721966467,0.7644603990802366,0.4620098039215686,0.07128487862925986,0.43240598882965625
335,Hunny Bunny Studio,40,0.15557503143081808,0.7473366731976706,0.3958333333333333,0.4971041393128597,0.4323845505236831
336,Pyramid Games S.A.,11,0.2718820452901494,0.69991155510243,0.6262254901960784,0.009067287655939919,0.43173737356988795
337,Rising Moon Games,14,0.1461148356840367,0.8585502154832827,0.4920343137254901,0.16089207502176012,0.43124593113275966
338,rokaplay,13,0.13983151305314287,0.7644896385371718,0.6397058823529411,0.16359257093695215,0.43076798324088256
339,InvertMouse,19,0.1555038605173541,0.8596306846549137,0.5453431372549019,0.062299439967047725,0.43072910002358555
340,BokiBoki Games,19,0.06400743830376834,0.7227634501133399,0.5551470588235294,0.5359836504933635,0.43065859777903126
341,Klabater,19,0.3214198260942818,0.561293696128613,0.6740196078431373,0.09387838733546877,0.4297707276405303
342,OnSkull Games,10,0.3567007991102442,0.5294821313136449,0.6801470588235294,0.06,0.42871933084738484
343,Eastasiasoft Limited,31,0.0864731218530391,0.7610699359906138,0.4767156862745098,0.4983743852130408,0.42868586848260587
344,Minicactus Games,14,0.18545855404704578,0.8610652772974379,0.4031862745098039,0.16089207502176012,0.4280011432609222
345,NukGames,11,0.414513089252082,0.753027518792706,0.2781862745098039,0.009067287655939919,0.4279851849263923
346,Interplay Entertainment Corp.,30,0.22149907104496047,0.7484888691780782,0.5183823529411765,0.14796914044610668,0.42794317727431097
347,My Way Games,92,0.21941307891532394,0.5110995720237067,0.7990196078431373,0.2485403631448025,0.42720942526782324
348,Rising Star Games,14,0.2501880198910182,0.6432230041171554,0.7058823529411765,0.03232064645033161,0.426557275752788
349,CFK Co.,34,0.18266900021199212,0.727334169065277,0.5232843137254902,0.261792391704877,0.42606012229460993
350,eSolutions Nordic AB,15,0.12091277744110956,0.7179805996472662,0.7775735294117647,0.07904608117265599,0.42508527005681956
351,Yaeko,15,0.033953100739648565,0.8762586256953124,0.4816176470588235,0.359046081172656,0.4249416145551338
352,Mens Sana Interactive,23,0.1090932235571575,0.872146888919179,0.5245098039215687,0.13347273054625453,0.42474956528701074
353,Fancy Fish Games,10,0.13249023489838896,0.7722313442790563,0.6433823529411765,0.12,0.42471745608638833
354,MIROWIN,10,0.1901833956666661,0.7832503583120286,0.5257352941176471,0.12,0.4246863548004711
355,Boomzap Inc,49,0.09022985491832376,0.8300716181402232,0.3125,0.5373761653429696,0.4237083594649257
356,Chubby Pixel,12,0.5237717124457861,0.6289085738330814,0.2071078431372549,0.06740838373263762,0.42352549769329617
357,CINEMAX GAMES,13,0.22189970356793254,0.7128276186496774,0.6041666666666666,0.07128487862925986,0.4230392469714019
358,Markt+Technik Verlag GmbH,18,0.08833324796551327,0.6848818659861945,0.4865196078431372,0.5902875980931416,0.4222282578663866
359,Pujia8 Studio,20,0.18201642579406654,0.877523260113843,0.3731617647058823,0.12738376880553398,0.42070264532408275
360,Hosted Games,177,0.06846365884634328,0.7067111178720034,0.6470588235294118,0.36467989541759294,0.42008936497634247
361,IR Studio,80,0.121936522626586,0.7441916961955092,0.4571078431372549,0.41055702649313697,0.41894041437937934
362,Old School Vibes,10,0.19728984862632346,0.8596773031211979,0.3247549019607843,0.18,0.41890561834772944
363,430Games,13,0.11684783640302662,0.5460185302614537,0.7745098039215687,0.39436180170618296,0.41875853285973663
364,Digerati,30,0.2686060268909367,0.6712096545874222,0.5036764705882353,0.14796914044610668,0.41830567097261756
365,Heart's Choice,24,0.06996693880878216,0.724628152090342,0.6850490196078431,0.26055279876143944,0.41796959794596095
366,Accelerate Games,30,0.19739930977061435,0.6706269682515875,0.6568627450980392,0.10796914044610673,0.41784576898171505
367,Lu,14,0.06677290719426016,0.8216363392514415,0.2653186274509804,0.6323206464503316,0.4177732417511693
368,Anatoliy Loginovskikh,33,0.21417221879491882,0.8511689805541465,0.3345588235294117,0.13577700402957357,0.4175892860547839
369,Peaksel,15,0.2527706489874211,0.5915346047496877,0.6053921568627451,0.199046081172656,0.41686545211895115
370,Crisp App Studio,22,0.1726714398928475,0.7156576196154398,0.5870098039215687,0.15868194404643798,0.416336542238408
371,Sokpop Collective,105,0.1154977957729164,0.6673410353823421,0.6752450980392157,0.2703736631919474,0.4162316082218587
372,ebi-hime,38,0.11639988402527597,0.8332705472195845,0.4080882352941176,0.28978738675169946,0.41580687864630034
373,Coconut Island Games,10,0.2896029792973314,0.6667321803226463,0.571078431372549,0.0,0.4155963831253697
374,DominiGames,16,0.25188793995484393,0.6245845512512178,0.6066176470588235,0.12036365600091904,0.4149142221714633
375,Ziggurat,123,0.2290040531628706,0.6800157924959283,0.4264705882352941,0.30121268794465744,0.41463217719454065
376,HFTGames,13,0.0298487873054824,0.6641858776685985,0.7953431372549019,0.3020541093984906,0.4140795827182524
377,PeriScope Game,10,0.2383749790628062,0.8511325357760892,0.375,0.0,0.4137710034048089
378,Randumb Studios,25,0.22779574423964177,0.929489157872091,0.1537990196078431,0.161639913579474,0.41358104880399166
379,Romantic Room,14,0.2868494478239468,0.5460202828323186,0.5612745098039216,0.24660636073604586,0.4134492476592681
380,Clickteam,15,0.22210370481349118,0.6899348399148042,0.5526960784313726,0.11904608117265601,0.4131128765213361
381,Hell Bomb Studio,12,0.03492084253141778,0.7898669569616817,0.392156862745098,0.5674083837326376,0.412725012083416
382,Big Fish Games,510,0.054428970248033046,0.7390950024584264,0.4963235294117647,0.4835294117647059,0.4125727579713983
383,GameMill Entertainment,30,0.2358479667516477,0.4699973861063308,0.6666666666666666,0.3679691404461067,0.41207470859522527
384,Argent Games,13,0.05544795724384026,0.8717656213789242,0.6017156862745098,0.07128487862925986,0.4119723404983123
385,Senpai Studios,21,0.40051913850892934,0.5999193658611873,0.4044117647058823,0.07223152984683633,0.4118745906546834
386,Crew Lab,26,0.243899173788954,0.8854733996238727,0.2328431372549019,0.09357276031618036,0.4116112722117031
387,Mismatch Studio,10,0.2228328848812151,0.8673086505011699,0.3664215686274509,0.0,0.4114684185842664
388,Airem,15,0.3106102782401091,0.6806861094553374,0.4632352941176471,0.03904608117265604,0.4114234012200672
389,FreeMind S.A.,12,0.1639781668608251,0.46942465492242885,0.7879901960784313,0.3674083837326377,0.4109290516535994
390,YAW Studios,16,0.19855937140825214,0.8130890741727599,0.3676470588235294,0.15786365600091903,0.41063146240955994
391,Nibb Games,12,0.1259318959497096,0.8556145703639897,0.3406862745098039,0.26740838373263764,0.40900904715345165
392,NAISU,12,0.15418240598656735,0.8386361640025636,0.4227941176470588,0.11740838373263761,0.407724772385375
393,KEMCO,75,0.11249265462913369,0.6819399060289437,0.5404411764705882,0.36141732445348096,0.4062552348910197
394,Green Man Gaming Publishing,22,0.23420147787821158,0.6441987697957885,0.5355392156862745,0.15868194404643798,0.40614028294033117
395,QZQ Studio,26,0.1748504703421324,0.6921364687370284,0.2340686274509804,0.601265068008488,0.40584209093232415
396,Minimol Games,31,0.2014664402781057,0.7609829715506712,0.4362745098039216,0.1306324497291698,0.4056579149826981
397,Ultimate Games S.A.,42,0.2843336828643999,0.6473811316207135,0.4522058823529412,0.14206736637141135,0.405482409915054
398,Flying Interactive,15,0.15227667101092884,0.6224825824140127,0.7941176470588235,0.03904608117265604,0.404722051165692
399,The Revills Games,10,0.09077684058760309,0.8146301507358396,0.5477941176470589,0.12,0.40371976295582473
400,Nutaku Publishing,18,0.1002933641337696,0.5178209946811281,0.9963235294117648,0.09028759809314157,0.403256821447482
401,Gagonfe,11,0.0708298942505772,0.8774328647852214,0.5281862745098039,0.06361274220139446,0.4031994886554384
402,Towndarktales,10,0.09008130913636597,0.7276682093554241,0.5845588235294118,0.24,0.40274068571023763
403,Gray Boss,10,0.15904982644194232,0.8503826525672973,0.3247549019607843,0.18,0.4027332154170259
404,owlyboi,47,0.035022525453331885,0.7603004631359712,0.5147058823529411,0.3960835388389743,0.4027017301458919
405,SQUARE ENIX,16,0.0435622639716006,0.7261363017648597,0.8112745098039216,0.045363656000919045,0.40214713328044027
406,LTZinc,48,0.17274563155839254,0.6628350003410965,0.4191176470588235,0.3931790434718442,0.40211185708030767
407,Vertigo Gaming Inc.,11,0.3043595230601145,0.6575416303339062,0.4424019607843137,0.06361274220139446,0.40181062565828385
408,Strategy First,161,0.22301158872657917,0.5369979768369801,0.5649509803921569,0.3287357613089173,0.4014540093801657
409,GCN,10,0.07857001409542673,0.7444553902887237,0.6176470588235294,0.18,0.40136553378472234
410,TERNOX,10,0.21479383869807786,0.7382841563044381,0.4779411764705882,0.06,0.4012513257297763
411,Y Press Games,21,0.0403375159345491,0.7488980521719802,0.6911764705882353,0.157945815561122,0.40071471268050163
412,MAGIX Software GmbH,37,0.136331064480102,0.48182844711079575,0.8946078431372549,0.1940506594715095,0.4002935742494519
413,Plug In Digital,132,0.20273966575018426,0.6171662217540885,0.5024509803921569,0.2870065328758023,0.39964992554859274
414,Siberian Mouse,14,0.13073098443655914,0.8135519499903874,0.4920343137254901,0.07517778930747444,0.3995049606911311
415,Revmatek,13,0.06642430506486079,0.7406865596395387,0.7156862745098039,0.07128487862925986,0.3992844613609126
416,Funbox Media Ltd,64,0.269597168371803,0.5700521568936221,0.4387254901960784,0.30699980222070195,0.39916972437053866
417,Performance Artist,12,0.040869968756187446,0.6619367316159774,0.4675245098039216,0.6174083837326376,0.3990016680701388
418,Eversim,12,0.19292412143855525,0.4223488481478378,0.9693627450980392,0.06740838373263762,0.39821190352734914
419,Konnichiwa Games,10,0.23650653366124952,0.7846814798402378,0.3995098039215686,0.0,0.39808369151782236
420,Ratalaika Games S.L.,56,0.1157933310630576,0.7634730720717351,0.3443627450980392,0.3964385309367649,0.3979079161537133
421,MACKINN7,25,0.14489824289999725,0.783648383158787,0.3848039215686274,0.233639913579474,0.3978156713132817
422,Neoclassic Games,10,0.21237207022678167,0.7889187305204871,0.4313725490196078,0.0,0.39728035353944124
423,Super PowerUp Games,25,0.13241993413976058,0.7734804182172603,0.0765931372549019,0.689639913579474,0.39715571690199575
424,616 GAMES,12,0.06898951556150806,0.723480273569604,0.5416666666666666,0.31740838373263763,0.397135003410638
425,PinkySoul,14,0.0298487873054824,0.7228752111049443,0.5269607843137255,0.41803493216461735,0.39540703557583984
426,Andy Jurko,18,0.0298487873054824,0.8388723544973544,0.6237745098039216,0.05695426475980828,0.3954068235808807
427,VRKiwi,12,0.14320104404429446,0.749345000317409,0.360906862745098,0.31740838373263763,0.394716495619641
428,bhungry,12,0.1385023455479667,0.6571451874031587,0.5441176470588235,0.26740838373263764,0.3945541641343963
429,Whale Rock Games,27,0.2333895226412496,0.7006716001034677,0.3382352941176471,0.2306958956555834,0.39413925612734463
430,Arcen Games,11,0.30390455920495174,0.6104946193816769,0.5159313725490197,0.009067287655939919,0.3940613491944311
431,Choice of Games,286,0.042783312216464184,0.6743899966560201,0.5919117647058824,0.37974382001626633,0.39263508421618487
432,Vutune,12,0.19652841889235242,0.8176478815065771,0.0765931372549019,0.4174083837326376,0.3920091960751725
433,Lesson of Passion,14,0.0298487873054824,0.5892255682855803,0.8382352941176471,0.24660636073604586,0.3918527589765292
434,SEEP,19,0.17046595151541705,0.8449893961908344,0.1776960784313725,0.28335207154599507,0.39120192830582
435,DLsite,26,0.07974451235458085,0.7779010177438659,0.5428921568627451,0.1397266064700265,0.39081830699031606
436,Starship Studio,19,0.10986667074840548,0.6675455798554768,0.6875,0.09387838733546877,0.3902987668189053
437,HH-Games,194,0.09400747284023506,0.6368884556174556,0.5110294117647058,0.4264131921089988,0.39013701334860995
438,Phoenix Online Publishing,22,0.21769516551359025,0.6895984951597276,0.4754901960784313,0.07686376222825621,0.3897004600275995
439,Axis Games,10,0.13896101894969864,0.5807308976122905,0.7892156862745098,0.06,0.3896987631709836
440,Ivanovich Games,19,0.18498937549736177,0.6297142220219398,0.6078431372549019,0.09387838733546877,0.3893109335819593
441,SMU Guildhall,16,0.27402933509546445,0.849985015990603,0.1568627450980392,0.045363656000919045,0.38908286950033916
442,Colossus Game Studio,10,0.05141352200535746,0.8126203256396493,0.4993872549019608,0.18,0.38865828137416203
443,Denpasoft,19,0.04251953270085115,0.7998793527055159,0.4791666666666667,0.251773124177574,0.3884449442169221
444,Michaela Laws,10,0.18734956227110697,0.7819310568264011,0.4399509803921568,0.0,0.3881418599212392
445,kazakovstudios,41,0.2472237564441109,0.6257015337534367,0.3651960784313725,0.25668846938407763,0.385781260975356
446,Axyos Games,10,0.22466630781676353,0.6266206991313025,0.5502450980392157,0.06,0.3856684370831011
447,Cherry Kiss Games,75,0.0782668611674312,0.6266476285213487,0.5674019607843137,0.377417324453481,0.3854806807898904
448,Cateia Games,24,0.24473589102779342,0.5818872258875118,0.392156862745098,0.3105527987614394,0.38523802198921675
449,SP GAMES,10,0.23072409991923842,0.5304195824088297,0.4993872549019608,0.3,0.38475676067477455
450,Graverobber Foundation,11,0.06560376838650735,0.8167736726947079,0.4117647058823529,0.22724910583775806,0.3844337277958242
451,Mindscape,12,0.10325983858256545,0.5872279111353498,0.5845588235294118,0.3674083837326377,0.38433233911028086
452,Do Games Limited,52,0.16386140267554827,0.38410408471384083,0.5637254901960784,0.6600102652132429,0.38432935417179626
453,PRODUCTION PENCIL,26,0.06513612309092334,0.663211813278386,0.3431372549019608,0.6243419910854111,0.38403993670854275
454,GZ Storm,11,0.14087070350813552,0.8530686066909248,0.3039215686274509,0.11815819674684899,0.38373337147264236
455,CreativeForge Games,28,0.2000526891639878,0.5817791237246989,0.5073529411764706,0.25101936103023165,0.38367567071463426
456,artoonu,22,0.0298487873054824,0.6882414612009181,0.5300245098039216,0.4041364895009834,0.38354488930312614
457,CCS,11,0.12602499983993384,0.8094530899741326,0.3039215686274509,0.22724910583775806,0.3818163565373705
458,Seito Games,17,0.08379613995949659,0.6681190683296778,0.6127450980392157,0.19249649457429538,0.38118786327871457
459,Screen 7,15,0.26759347569664255,0.668441616920532,0.4019607843137255,0.03904608117265604,0.380439270608628
460,Tranquility games,16,0.2461544396490961,0.655077091709173,0.3970588235294117,0.12036365600091904,0.3801434944959558
461,GoldenGod Games,13,0.14782660629104402,0.6002004077333036,0.5134803921568627,0.3020541093984906,0.3798036293630026
462,Zoo Corporation,42,0.14011238269622261,0.6735393028502498,0.4607843137254901,0.2420673663714113,0.3795680924995626
463,Afil Games,12,0.07534369669634014,0.752034068145484,0.2861519607843137,0.4674083837326376,0.37932216400412266
464,Inspector Studios,39,0.18957175059381215,0.38127647135457926,0.4411764705882353,0.7345309698138841,0.3791479937039377
465,Clique Games,11,0.09789320402669599,0.7077312124079185,0.4846813725490196,0.22724910583775806,0.37760562551718674
466,WASABI entertainment,58,0.05932473507479592,0.5082761877638933,0.7352941176470589,0.3819288205077128,0.3775946602109152
467,Gammera Nest,16,0.10671708949634195,0.6815764129380011,0.4191176470588235,0.345363656000919,0.37745198301702254
468,SA Industry,118,0.3290790119385162,0.5346692356905871,0.3149509803921568,0.2532279426068977,0.3765528123551228
469,Pixel Games UK,111,0.16265172735992975,0.6897700066299909,0.1740196078431372,0.512095892286193,0.375477411976529
470,EpiXR Games UG,69,0.037017936594671605,0.8039737528542743,0.2009803921568627,0.5406735379199998,0.37544551278378985
471,Dnovel,36,0.24419239235024376,0.6994660030694324,0.2549019607843137,0.19307341471710687,0.3752485426078438
472,Viva Media,29,0.21744760313609912,0.5506048373097965,0.5906862745098039,0.10455217629716795,0.3751081936371096
473,Absolutist Ltd.,11,0.30006352593466723,0.5660736301189129,0.4889705882352941,0.009067287655939919,0.37399853390825716
474,7DOTS,11,0.15766208797527562,0.8338926311938447,0.3357843137254901,0.009067287655939919,0.3738664760429889
475,BufoProject,11,0.0682960636019205,0.6390758030461096,0.7022058823529411,0.11815819674684899,0.37379126915712063
476,Gamesforgames,67,0.1360766534002584,0.5900906189747188,0.2965686274509804,0.5928117903214574,0.3728895084209207
477,Independent,11,0.0830148961334275,0.8101489338425428,0.3731617647058823,0.17270365129230353,0.37263779443448447
478,Russpuppy,12,0.16643641795001402,0.72705134524444,0.392156862745098,0.11740838373263761,0.37241077996475214
479,Yamate,10,0.1014372643871432,0.44597664680998006,0.7438725490196079,0.36,0.3720705463824157
480,Digital Tribe,32,0.22883161342548508,0.6165940516313173,0.4350490196078431,0.13323426617695655,0.37206422403642714
481,Appnori Inc.,10,0.0895094663464468,0.5956717009623106,0.6721813725490197,0.18,0.3714660980197535
482,Denda Games,18,0.12756851566109564,0.6576948204101927,0.454656862745098,0.25695426475980826,0.3714319388674321
483,Reverb Triple XP,11,0.25298003201161307,0.658854663636302,0.4117647058823529,0.009067287655939919,0.3699124446198167
484,Wolverine Studios,32,0.0298487873054824,0.47965376027309714,0.8909313725490197,0.24573426617695657,0.36938961807519544
485,Breda University of Applied Sciences,15,0.24977361801168668,0.8026030305323891,0.1764705882352941,0.03904608117265604,0.3693527052867643
486,Anime Mania,11,0.0854420484822811,0.7057466759279807,0.3039215686274509,0.44543092401957624,0.36922767207561924
487,Akella,13,0.25730176883136996,0.5469376485357986,0.5563725490196079,0.025131032475413723,0.3691810783269527
488,KISS ltd,36,0.3169613762702591,0.45703368340095696,0.5098039215686274,0.12640674805044022,0.36896838323616926
489,Notus Games Ltd,11,0.07515471851931377,0.7542460950355687,0.5735294117647058,0.009067287655939919,0.36864395549376255
490,Top Hat Studios Inc,14,0.08435436465696924,0.7569348394037191,0.5343137254901961,0.03232064645033161,0.3683153215166439
491,Hunted Cow Games,44,0.19434509134939185,0.5889956592532853,0.4950980392156863,0.1604412762636518,0.3678052790309578
492,2Awesome Studio,12,0.1423314179685282,0.7015914698033471,0.4473039215686274,0.11740838373263761,0.3673654791036101
493,Bad Kid Games,11,0.04730920857119131,0.7980436210817972,0.3039215686274509,0.3363400149286671,0.36720662528924636
494,КиКо,15,0.2823150722167082,0.6267952252785552,0.3713235294117647,0.03904608117265604,0.3669704609176658
495,Loolust,25,0.08778845671825207,0.8050569723728359,0.3511029411764705,0.161639913579474,0.36670962683545416
496,ROSEVERTE,21,0.12432891267397596,0.723709850820148,0.454656862745098,0.10080295841826489,0.36667989099369536
497,b-alive gmbh,16,0.227222580391378,0.5261568999026843,0.6115196078431373,0.045363656000919045,0.3664834430765529
498,KuKo,37,0.2519846999115007,0.6761382375947751,0.2377450980392156,0.17783444325529324,0.36526030234359486
499,ChaniMK,11,0.0298487873054824,0.8373180539847207,0.3039215686274509,0.28179456038321254,0.3646959895353071
500,khukhrovr,43,0.3025802625121254,0.6044565261386752,0.2683823529411764,0.15841654806576563,0.3646790025189465
501,HugePixel,26,0.08167589871457237,0.673660890952084,0.4240196078431372,0.32434199108541106,0.36414005206716465
502,DigiMight,25,0.10322160670900937,0.743081206325151,0.3848039215686274,0.18563991357947401,0.36385869559634515
503,STuNT,46,0.09706936943505967,0.538061610426266,0.2935049019607843,0.7252494556904292,0.36288116117587194
504,CyberStep,54,0.23951881205856485,0.38155487110890085,0.3529411764705882,0.6232719740436199,0.3623770769538286
505,Rainbow Games,10,0.2216567721411552,0.6034859820149745,0.5171568627450981,0.0,0.3620570374029163
506,Kawaii Hentai,10,0.10246967517613947,0.8837608406465645,0.0765931372549019,0.3,0.36131126595659857
507,Rockin' Android,10,0.18972180580946812,0.7368007779887158,0.3688725490196078,0.0,0.36121737523385017
508,橙光游戏,47,0.15942344594796792,0.7097518918240286,0.2022058823529411,0.3450197090517403,0.3609179064573466
509,Ertal Games,11,0.04023387598789598,0.7416831433726578,0.5300245098039216,0.11815819674684899,0.3603154310803726
510,Interplay Inc.,11,0.19793508472789362,0.6303669798646143,0.4975490196078431,0.009067287655939919,0.3592572706841066
511,Tensei Games,22,0.03620639165068766,0.7504538477466285,0.3039215686274509,0.4041364895009834,0.3592131785523669
512,Art Games Studio S.A.,15,0.16243040865829356,0.6096116978408143,0.5061274509803921,0.11904608117265601,0.3588165547546239
513,Satur Entertainment,11,0.17017960299603158,0.6367102543400744,0.4497549019607843,0.11815819674684899,0.3582506472548176
514,Crazysoft Limited,11,0.10031423265189127,0.6452802752802753,0.5943627450980392,0.06361274220139446,0.35710852436206153
515,Phr00t's Software,15,0.12651989919888157,0.7713563474347007,0.3161764705882353,0.11904608117265601,0.3567810752435642
516,Zerouno Games,11,0.11684152777359297,0.7627660494658072,0.3039215686274509,0.17270365129230353,0.3564142109798354
517,derevotyan,11,0.08160287791467452,0.7648287139789602,0.4846813725490196,0.009067287655939919,0.356305989122019
518,Sedoc LLC,10,0.1861562063599174,0.6506739039060754,0.4742647058823529,0.0,0.3552097845742643
519,Sometimes You,49,0.376657586823378,0.515581582218458,0.2156862745098039,0.1700292265674594,0.35514626894079937
520,AFBIK Studio,21,0.21612903774682835,0.6094339197052618,0.4276960784313725,0.07223152984683633,0.35484928428626844
521,Back To Basics Gaming,57,0.41787150899493897,0.48639138130757203,0.1825980392156862,0.17325089087706796,0.35467968401519767
522,Noxurtica,19,0.0298487873054824,0.7596599751011515,0.3394607843137255,0.3149310189144161,0.3534768777871718
523,JoyBits Ltd.,22,0.28621324315046504,0.535483628940935,0.4056372549019608,0.07686376222825621,0.3534767390995738
524,Ironcode Gaming,16,0.059407880925150626,0.599056731213594,0.5330882352941176,0.30786365600091903,0.35330697314684234
525,NanningsGames,37,0.20623264535380298,0.699291423292364,0.1966911764705882,0.21026687568772567,0.35284711950881675
526,T-Bull,11,0.2625358733089557,0.5838606577497287,0.4215686274509804,0.009067287655939919,0.3527195716216402
527,XSGames,14,0.1223524229324518,0.4561642061642061,0.3884803921568627,0.6323206464503316,0.35221678527454225
528,Pirates Of The Digital Sea,14,0.10006854940113918,0.540033681591835,0.5575980392156863,0.2894635035931887,0.35197323015006476
529,Abyssal Studios,11,0.07934445495094256,0.8462385222291632,0.3039215686274509,0.06361274220139446,0.3519683409572782
530,Nami Tentou,11,0.09674016141743456,0.8125556156806157,0.0765931372549019,0.39088546947412167,0.35157718907238544
531,LGV,37,0.1399069966633666,0.6735895086489314,0.0765931372549019,0.5670236324444824,0.35141647374451046
532,DNA ARMY GAMING,11,0.20503781524195022,0.44687758703865266,0.5980392156862745,0.17270365129230353,0.35133990227737877
533,Self Published,10,0.26173265561861625,0.696656993652768,0.2083333333333333,0.06,0.35127019422901273
534,Alternative Software Ltd,22,0.10922377683623406,0.5467158098534927,0.6654411764705882,0.10413648950098345,0.35095177356799484
535,8floor,268,0.07387730180250494,0.5461972547271273,0.4828431372549019,0.42940269305035356,0.3506952634575483
536,Blowfish Studios,20,0.19733220412289076,0.6724681572553278,0.2352941176470588,0.217383768805534,0.35047310746985194
537,SVGames,15,0.055825293303424464,0.6555448650913253,0.5220588235294118,0.199046081172656,0.35047098906537694
538,Self,12,0.07765495701843214,0.7809812829621197,0.392156862745098,0.06740838373263762,0.3500162499540024
539,NSFW18 Games,11,0.0737654787710322,0.6639527249045956,0.4117647058823529,0.28179456038321254,0.3496258602751924
540,Amaterasu Software,13,0.4181157449418387,0.5178851612542035,0.2205882352941176,0.025131032475413723,0.3495933610360401
541,Blender Games,71,0.2676714237206001,0.6039635101916454,0.2230392156862745,0.19578308367973285,0.3488493570489185
542,Aldorlea Games,55,0.21693403695880661,0.6510320862011956,0.2034313725490196,0.24595772853272285,0.3488164725856533
543,RunServer,22,0.20876776167100325,0.5693058039045381,0.4656862745098039,0.07686376222825621,0.34852727699241176
544,Nyu Media,10,0.1357405684671729,0.6376679506177065,0.5477941176470589,0.0,0.34836840767823424
545,Vidas Salavejus,23,0.17935404644704933,0.7267202976074776,0.0765931372549019,0.34216838272016753,0.34743389039771605
546,First Games Interactive,10,0.23243075456636464,0.6387956823960454,0.3247549019607843,0.06,0.3469404492091981
547,Degica,14,0.06204553683207295,0.5979700854700853,0.6721813725490197,0.07517778930747444,0.3468199064381763
548,Tin Man Games,15,0.15808064129015817,0.7444258738739373,0.2794117647058823,0.07904608117265599,0.3463952517308115
549,Remix Games,11,0.06520242440875071,0.8418599556021817,0.3039215686274509,0.06361274220139446,0.3457050602794166
550,UPCELL TELEKOMUNIKASYON LIMITED SIRKETI,16,0.14192762571357395,0.4931216931216931,0.2518382352941176,0.645363656000919,0.34478337239522017
551,DigiPen Institute of Technology,40,0.2074997451260412,0.7217850703584261,0.1752450980392156,0.13710413931285967,0.3447750724064143
552,Rocky Studio,15,0.07569810361472185,0.7027777777777777,0.0765931372549019,0.599046081172656,0.34250320922536476
553,Focus Home Interactive,11,0.18297376727474138,0.41370249037890805,0.7561274509803921,0.009067287655939919,0.3407371490043013
554,Entropy Digital Entertainment,13,0.0298487873054824,0.4861650338305916,0.625,0.39436180170618296,0.3404508559620238
555,SilentFuture,12,0.23749273096401824,0.6309993406382212,0.2861519607843137,0.06740838373263762,0.33976390774563114
556,Azurezero,12,0.0298487873054824,0.7258280024069498,0.392156862745098,0.21740838373263763,0.339238106387919
557,Rabotiagi games,11,0.1855852927369936,0.7822990975375631,0.1899509803921568,0.009067287655939919,0.338994870946039
558,Stardock,10,0.0978438695127662,0.49952149928476824,0.5477941176470589,0.3,0.3386606276443104
559,Mature Games,11,0.18461101804263882,0.6830862302652312,0.3333333333333333,0.009067287655939919,0.33756648520955057
560,Snkl Studio,43,0.17127884045352476,0.6993918429435434,0.230392156862745,0.14446305969367265,0.33751303736839655
561,ZaxtorGameS,17,0.043908796657830484,0.7467206294587247,0.3462009803921568,0.19249649457429538,0.33749893793243374
562,Laush Studio,155,0.17303800033777245,0.6589070260501887,0.1666666666666666,0.29958151605487976,0.3365059686748422
563,Archor Games,73,0.06807114041053865,0.5840728782549589,0.2401960784313725,0.593158825842482,0.336059802182823
564,Kiddy,23,0.2863778122569458,0.5648358495767316,0.2291666666666666,0.13347273054625453,0.33553723207822206
565,FreezeNova,20,0.25410846604760934,0.617327521981264,0.2561274509803921,0.067383768805534,0.335469275227951
566,IndieGala,11,0.29249641979112917,0.6388044146937177,0.1556372549019608,0.06361274220139446,0.33468443364561185
567,EnsenaSoft,39,0.23792088372904646,0.4332245654111979,0.4938725490196078,0.14991558519849946,0.3345015265122221
568,New Reality Games,38,0.39022406226165984,0.48556582910106594,0.1617647058823529,0.1318926499095942,0.3343850091848104
569,Renegade Sector Games,17,0.07597231200830189,0.7983845631451438,0.2475490196078431,0.12190825928017775,0.3339017209600441
570,Orangepixel,15,0.13352226746369678,0.6372313541380841,0.3872549019607843,0.11904608117265601,0.3332100924217744
571,Rubika Supinfogame,12,0.13349282088711617,0.739240231779509,0.159313725490196,0.21740838373263763,0.3329685595022782
572,Playstige Interactive,13,0.13447675713469998,0.542024494108232,0.3805147058823529,0.3020541093984906,0.3310852708158588
573,Games For Pleasure,10,0.13464674287164125,0.47628722014421204,0.4313725490196078,0.36,0.33028703585225955
574,Wainstop James,15,0.06836101254097936,0.7879555713341945,0.2579656862745098,0.11904608117265601,0.32976307522040144
575,Cakewalk,12,0.12290871120071586,0.7045949119896521,0.360906862745098,0.01740838373263764,0.3291891526260614
576,KazakovStudios,17,0.2810746438488082,0.5782793163486899,0.2475490196078431,0.051320023986060115,0.32906772777116744
577,Boogygames Studios,131,0.09114662104593702,0.5734959322834312,0.3137254901960784,0.4146725167103238,0.3288960725968716
578,RewindApp,68,0.20245299550747287,0.5610709738834889,0.2916666666666667,0.20899508722874216,0.3288624370103068
579,kovalevviktor,40,0.2772463404114288,0.5758923674586489,0.1911764705882352,0.13710413931285967,0.3286048443961707
580,Black Hole,15,0.10628302333155924,0.6663728296792812,0.3633578431372549,0.11904608117265601,0.3276393878731795
581,MoonlightGames,15,0.11879502603492861,0.5662329578295964,0.4313725490196078,0.199046081172656,0.3275795684409239
582,Cosmi Valusoft,22,0.08719770526287209,0.5704580245841593,0.5686274509803921,0.07686376222825621,0.32691165874756983
583,EntwicklerX,10,0.09772661009126932,0.7291525891094857,0.3247549019607843,0.06,0.32690107065694685
584,Astrea,13,0.10202064726931981,0.7683479748381077,0.0765931372549019,0.3020541093984906,0.3268383628564482
585,Crystal Game Works,10,0.07140024973117641,0.7867156570763953,0.3247549019607843,0.0,0.3259557649209872
586,Winter Wolves,37,0.09040818124716454,0.6505660320125928,0.3492647058823529,0.1940506594715095,0.3257732131374824
587,Gamera Interactive,21,0.13270536849301162,0.6499898772471995,0.2598039215686274,0.21508867270397913,0.3256679273660363
588,SeedWall,26,0.19799355830069076,0.5828608991577416,0.2953431372549019,0.1397266064700265,0.3241836335740486
589,Seven Sails Games,33,0.06132938557708036,0.546932664509242,0.25,0.5903224585750281,0.32409345309100496
590,Mindware Co.,13,0.06421547744886348,0.7598648232582451,0.2751225490196078,0.11743872478310599,0.3230751826059632
591,吃了就睡工作室,10,0.1374657792351682,0.6997540570645511,0.3247549019607843,0.0,0.32299022024383106
592,MIRROR Soft,26,0.09686279120278785,0.6978590660000366,0.2751225490196078,0.16280352954694954,0.3227047359569507
593,SAT-BOX,44,0.050756063472587924,0.5901844448718971,0.2279411764705882,0.5422594580818336,0.3217471096833676
594,lightUP,20,0.057488746994967505,0.8138471233004441,0.0765931372549019,0.277383768805534,0.3212013912101823
595,MAGIC Spell Studios,12,0.08304991130367542,0.6423108932974558,0.2861519607843137,0.26740838373263764,0.3191023866622815
596,Valkyria Games,17,0.13514921568367816,0.6339551008477895,0.1813725490196078,0.29837884751547183,0.31852009267486653
597,exosyphen studios,18,0.25568041704138217,0.42960279873388485,0.4509803921568627,0.05695426475980828,0.317108203729993
598,Hound Picked Games,10,0.09627830156879949,0.8330888854222498,0.0765931372549019,0.12,0.31694269862673513
599,0Cube,15,0.15928024420794207,0.737466935569351,0.1691176470588235,0.03904608117265604,0.3166686077312481
600,MB Game Studio,39,0.03601109563603784,0.7564869876711982,0.0765931372549019,0.41145404673696095,0.31658671423549717
601,CggtGroup,12,0.1258406187219241,0.6484749394804763,0.0765931372549019,0.4174083837326376,0.3165165834076923
602,凝冰剑斩,12,0.0736919316301116,0.9090685097663311,0.0765931372549019,0.01740838373263764,0.31644261401131446
603,Dead Drop Studios LLC,11,0.15955570392092736,0.5689873614700347,0.3541666666666667,0.11815819674684899,0.3150977676586957
604,Dogenzaka Lab,19,0.09824166987193314,0.5981462390186707,0.4595588235294117,0.062299439967047725,0.3150851368617173
605,AMG GAMES,10,0.048721226789944304,0.8814390153783254,0.0765931372549019,0.12,0.3148027614409585
606,Frosted Wings Studio,11,0.08824102199749737,0.7247092222989717,0.0765931372549019,0.3363400149286671,0.314066754079096
607,PastureSoft,10,0.05269907112462734,0.5469847282347282,0.4313725490196078,0.3,0.31381460316795956
608,Piece Of Voxel,112,0.15229611130429666,0.49516522205130103,0.2696078431372549,0.38203763635548293,0.3130804196526676
609,Slippy Floor,30,0.10778655716136341,0.5669883926319467,0.2579656862745098,0.3479691404461067,0.3116103211178792
610,Phat Phrog Studios,12,0.323906779224241,0.4886296701804618,0.2450980392156862,0.01740838373263764,0.3115871391856558
611,Tonguç Bodur,25,0.12856974292850193,0.6355882450414736,0.2365196078431372,0.18563991357947401,0.3108257921429663
612,Male Doll,17,0.0540216229111425,0.6936202066659416,0.2475490196078431,0.2277906122213542,0.3106720257734541
613,Studio2760,14,0.06806406306770903,0.6979054906531529,0.2653186274509804,0.16089207502176012,0.31039160601310417
614,Wholetone Games,16,0.11436642373175648,0.7298723272300123,0.1580882352941176,0.12036365600091904,0.30866214193407987
615,Nikita Morti,10,0.04730920857119131,0.7417935767935768,0.0765931372549019,0.36,0.30841492348897037
616,DillyFrame,22,0.1085299395898165,0.7279351972427175,0.0765931372549019,0.24050012586461983,0.3077596843599244
617,Kotovodk Studio,48,0.0298487873054824,0.7655907760531532,0.2181372549019608,0.15567904347184416,0.30710361587403356
618,Indovers Studio,11,0.25693375888570313,0.4402772355107418,0.4166666666666667,0.009067287655939919,0.3067034127449429
619,M9 Games,10,0.1819271533064315,0.5300102813852814,0.3247549019607843,0.12,0.3056285684649923
620,Bitlock Studio,37,0.15396523932632333,0.46796993997988523,0.4583333333333333,0.12918579460664464,0.3053233516158421
621,grin robot,10,0.14966273512960085,0.7917039134494377,0.0765931372549019,0.0,0.30521175878117196
622,Erbe Software,27,0.07347615201005062,0.5733503687670354,0.2138480392156862,0.4306958956555834,0.3050957560251031
623,Stegalosaurus Game Development,44,0.12375047215385457,0.6406099118959985,0.1629901960784313,0.24225945808183363,0.30443259675060996
624,No Gravity Games,27,0.15989432769140322,0.6315847426158003,0.2193627450980392,0.09736256232225009,0.30391537084467657
625,Piko Interactive LLC,48,0.08929843584950903,0.5879514671441316,0.2861519607843137,0.2556790434718441,0.303222141368207
626,Fantastico Studio,11,0.10317471602078893,0.7795293808019906,0.0765931372549019,0.11815819674684899,0.303012321810881
627,Xitilon,13,0.1545880273205897,0.6456637406492558,0.221813725490196,0.07128487862925986,0.3028604086494113
628,ARTLINK,13,0.051513784442785863,0.6598484848484848,0.2751225490196078,0.20974641709079836,0.3024708423770618
629,Thalamus Digital,12,0.12999241134805944,0.7715999282619574,0.0765931372549019,0.06740838373263762,0.302407207461284
630,AnelaGamesStudio,10,0.0825648249026813,0.6651594932844933,0.3247549019607843,0.06,0.30239651709344334
631,Hentai Room,12,0.044847813090870485,0.6307764252208696,0.2861519607843137,0.26740838373263764,0.302271311864824
632,Yai Gameworks,18,0.1494124814319099,0.7503933145794002,0.0765931372549019,0.05695426475980828,0.30127413003994014
633,Enaayah Software Development and Services Private Limited,19,0.05362234962135479,0.6547338459455538,0.3823529411764705,0.062299439967047725,0.3010034803814916
634,familyplay,48,0.09777632428658863,0.526382840375052,0.4252450980392157,0.15567904347184416,0.30053744174144137
635,baKno Games,25,0.15550999943645044,0.4382757250583566,0.4877450980392157,0.113639913579474,0.3005062239650289
636,IV Productions,22,0.11576888158765078,0.5246074036552475,0.409313725490196,0.13140921677371076,0.29947545726634783
637,Dr. Cyril Splutterworth,14,0.11094279669176618,0.7273716072823215,0.1856617647058823,0.03232064645033161,0.2990219109355408
638,Sapphire Dragon Productions,16,0.15196354751815835,0.6279615093844815,0.2518382352941176,0.045363656000919045,0.2987478899056612
639,Oh,11,0.08312507797640024,0.8424025938277144,0.0765931372549019,0.009067287655939919,0.29849327603942577
640,Sinned Games,14,0.17898886634321304,0.5921839880254338,0.1997549019607843,0.11803493216461727,0.2979575198446041
641,Crescent Moon Games,23,0.11850384976356562,0.5912260186866609,0.2935049019607843,0.13347273054625453,0.2975660429973413
642,rondomedia GmbH,10,0.28960931737087237,0.4198200582378899,0.3511029411764705,0.0,0.29752986678646637
643,Silesia Games,14,0.07111382945128214,0.5607108747733747,0.2653186274509804,0.3323206464503316,0.29601492519770695
644,City Interactive S.A.,15,0.18899144591634442,0.48061235662278146,0.3982843137254901,0.03904608117265604,0.2958444879785514
645,AK Studio,12,0.1766538178246298,0.6437823132837932,0.0765931372549019,0.16740838373263764,0.2953934152346344
646,MumboJumbo,22,0.09072380387889606,0.5226625669638282,0.4705882352941176,0.07686376222825621,0.294199312839824
647,Narko Games,14,0.2199142038353464,0.44906802079708685,0.3553921568627451,0.07517778930747444,0.2940454773501675
648,Enoops,46,0.11660694657437692,0.502543012102254,0.3786764705882353,0.17742336873390743,0.2939241343594413
649,Chequered Ink Ltd.,12,0.12711086853550818,0.7715039715039715,0.0765931372549019,0.01740838373263764,0.29386988044949536
650,HandMade Games,61,0.13827960065351347,0.4634974097116277,0.2414215686274509,0.38675804734212343,0.2937451039690267
651,Cronostase,10,0.0298487873054824,0.862509746588694,0.0765931372549019,0.06,0.29351862698450737
652,FobTi interactive,10,0.11956692163869673,0.7557166683700695,0.0765931372549019,0.06,0.2928820505355451
653,Chris Antoni,11,0.0298487873054824,0.8305594967455581,0.0765931372549019,0.11815819674684899,0.29265728154359394
654,PaulArt,25,0.08229380048127177,0.49182630088560625,0.3848039215686274,0.257639913579474,0.2919574917847736
655,Valkeala Software,16,0.05771600184899728,0.5836660835330534,0.0765931372549019,0.532863656000919,0.29054860155818324
656,Mykhail Konokh,12,0.12025170029992328,0.6035411779809592,0.2861519607843137,0.06740838373263762,0.2904920982160193
657,Cornutopia Software,11,0.08570719134884067,0.7304498792270531,0.0765931372549019,0.17270365129230353,0.29035665588503606
658,GVR Training Computer Software,11,0.1158257830076822,0.580933484504913,0.0765931372549019,0.39088546947412167,0.2887705172762613
659,Dharker Studios,53,0.08802306092834232,0.5964601244388674,0.2536764705882353,0.18844579959697896,0.28874827271377396
660,Kavkaz Sila Games,37,0.09055778594908094,0.6248121100179567,0.2095588235294117,0.17783444325529324,0.2877257892817417
661,KPL,25,0.27699926988865203,0.47408032435847325,0.1537990196078431,0.113639913579474,0.2869796327270599
662,Excalibur Publishing,18,0.29061933999484973,0.4288886646377972,0.2316176470588235,0.05695426475980828,0.2852500375152725
663,HaDe Games,31,0.1396427293451384,0.5453247159285174,0.2058823529411764,0.20805180456787947,0.2848566113227709
664,Blessing Company,76,0.09329256264601063,0.5271904354833836,0.1948529411764706,0.360674277685372,0.2838812574592187
665,Source Byte Sp. z o.o.,10,0.1988248171068489,0.6321470903962414,0.0765931372549019,0.06,0.2835514405572499
666,NS,23,0.1524466857484753,0.5485495701704327,0.2261029411764706,0.13347273054625453,0.28316270888032846
667,Mikołaj Spychał,15,0.093397779002902,0.7618639863861123,0.0765931372549019,0.03904608117265604,0.2824239581937282
668,Mihai Morosanu,13,0.25633207154408755,0.49876319948716685,0.1936274509803921,0.025131032475413723,0.2818403299539711
669,FlagmanJeremy,13,0.06319748685206351,0.46545927234237366,0.4068627450980392,0.25590026324464443,0.2815144906072389
670,EroticGamesClub,181,0.0298487873054824,0.41748042821876485,0.1985294117647058,0.7067840953067186,0.2814147006714972
671,RoBot,14,0.11049136036302876,0.5498672971733782,0.2653186274509804,0.16089207502176012,0.2808297020225336
672,Meng Games,23,0.11640972792657879,0.6297464094488467,0.0765931372549019,0.23782055663321106,0.28065903855491864
673,Tim Rachor,10,0.11956692163869673,0.68444366793051,0.0765931372549019,0.12,0.28050015040367726
674,BekkerDev Studio,15,0.08588965184775613,0.6496090491065496,0.1838235294117647,0.11904608117265601,0.27956571093693083
675,Forestlight Games,11,0.11472641110932927,0.5902225113739479,0.3039215686274509,0.009067287655939919,0.27936540417433076
676,ESAT,10,0.11039479904616059,0.6387814860037082,0.2432598039215686,0.0,0.2789245862515824
677,Libredia,29,0.16953723604193152,0.3986895724008773,0.4154411764705882,0.10455217629716795,0.277715966073632
678,Tegridy Made Games,20,0.14157775986051127,0.5989389599173063,0.0765931372549019,0.217383768805534,0.2771600966981813
679,Gamuzumi,10,0.08676715910862576,0.6507218013468012,0.0765931372549019,0.24,0.27690367354303974
680,MagicHouse,11,0.0298487873054824,0.6947089947089946,0.0765931372549019,0.28179456038321254,0.27644758547807946
681,Tero Lunkka,96,0.07293780990713306,0.5398392663371142,0.1875,0.3393417632322687,0.27588127785347116
682,RetroScope Games,12,0.03329564220687902,0.5682650913900913,0.0765931372549019,0.5174083837326376,0.275062887200311
683,Kajak Games,14,0.10088219713107673,0.710122711120833,0.0765931372549019,0.07517778930747444,0.2749408781792283
684,Cute Pen Games,37,0.0298487873054824,0.5144668971874854,0.1966911764705882,0.46972633514718515,0.2745843302793599
685,Sprovieri Games,12,0.08178996797488636,0.7542844708225833,0.0765931372549019,0.01740838373263764,0.2728417150488613
686,Nacks Soft,12,0.2573489179573897,0.5463252314814815,0.0765931372549019,0.01740838373263764,0.27189957574040685
687,7miao game,11,0.22826008424425007,0.3372655122655122,0.0765931372549019,0.4999763785650308,0.27138576740087617
688,Dikobraz Games,12,0.0298487873054824,0.6683006535947712,0.2861519607843137,0.01740838373263764,0.2707789213521086
689,meokigame,10,0.09548813816237353,0.5008824646733143,0.4313725490196078,0.0,0.2699600975627466
690,Warfare Studios,22,0.21615420335580154,0.47992006856999325,0.1924019607843137,0.07686376222825621,0.2696399482366297
691,ANPA.US,35,0.2273173955969929,0.421160478337803,0.2242647058823529,0.1235515538328965,0.2692949062116935
692,Guilty Pleasure Games,13,0.0494988310190706,0.6414707646978679,0.2751225490196078,0.025131032475413723,0.2685599849412687
693,Artur Rezende,19,0.0827754210261324,0.6507303396778636,0.0765931372549019,0.1886152294407319,0.26780141112959555
694,indiegames3000,16,0.0447266624672632,0.4630244193349466,0.4191176470588235,0.19536365600091904,0.26768973547592867
695,M.INDIE,20,0.17340070901825244,0.5296223652513001,0.1887254901960784,0.067383768805534,0.26742962109182417
696,Zeiva Inc,14,0.12210337514523417,0.6784689804605886,0.0765931372549019,0.03232064645033161,0.2664435998575386
697,Doky,10,0.10280444897621169,0.4467592592592592,0.0765931372549019,0.54,0.2663279623704322
698,W.T.B.,25,0.1392756452568077,0.5253646512509125,0.2169117647058823,0.089639913579474,0.26318421119325397
699,Saturn VR,10,0.09562557401446313,0.6807137402498227,0.0765931372549019,0.06,0.2620017004309893
700,Horny69Team,11,0.12880812670488703,0.5583054899798423,0.0765931372549019,0.22724910583775806,0.2619804846673072
701,My Label Game Studio,26,0.01802484338904944,0.550356290303625,0.3805147058823529,0.09357276031618036,0.2615544375011524
702,Yash Future Tech Solutions Pvt Ltd,39,0.08186041194527727,0.3394316013769794,0.4730392156862745,0.24222327750619177,0.26142195935712453
703,Vitok,17,0.043908796657830484,0.5624831234645813,0.3462009803921568,0.051320023986060115,0.2610512155459554
704,Ghost_RUS Games,60,0.10044932843719104,0.47561693536847927,0.2120098039215686,0.258506192797231,0.259020235267459
705,Cute Hannah's Games,29,0.2084740076437765,0.5098610070719605,0.0765931372549019,0.10455217629716795,0.2569256586924655
706,Kadragon,14,0.04668615164317024,0.49077618825387564,0.3112745098039216,0.20374921787890302,0.25639029419389203
707,Marginal act,12,0.10108817056765639,0.48449739013052684,0.2861519607843137,0.11740838373263761,0.25557172645459614
708,Ammonite Design Studios Ltd,30,0.06310255443612288,0.5830029447676506,0.0765931372549019,0.2879691404461067,0.25550077600083454
709,GentleDriver,12,0.14646473371959062,0.6209810506666362,0.0765931372549019,0.01740838373263764,0.2554868570127236
710,Cow Games,16,0.0383676974328144,0.634530972593207,0.0765931372549019,0.23286365600091904,0.25403616173056537
711,Quarlellle,27,0.053208744778919265,0.5872011336969261,0.2138480392156862,0.09736256232225009,0.2521573929731743
712,SIG Publishing,14,0.21071879355580897,0.35455041337970167,0.2714460784313725,0.11803493216461727,0.2521111572694107
713,indie_games_studio,22,0.20653743792977616,0.334915734163721,0.3370098039215686,0.07686376222825621,0.2516943486430901
714,Team Syukino,16,0.06924269559907664,0.6462099421249652,0.0765931372549019,0.12036365600091904,0.25147110194828465
715,Indie,15,0.12091277744110956,0.6065504851557981,0.0765931372549019,0.07904608117265599,0.2514601572780066
716,Sunlight Games,10,0.27248692344840275,0.4098414914463455,0.1654411764705882,0.0,0.25141110593496224
717,Red twice potato,20,0.1127769859563582,0.5531317884271253,0.1789215686274509,0.067383768805534,0.25130336065918324
718,Azerbaijan Technology,10,0.2,0.3848235356651877,0.3247549019607843,0.0,0.25039804109171315
719,Anarchy Enterprises,11,0.15587989452260823,0.4842795015008689,0.2389705882352941,0.009067287655939919,0.24899602432862336
720,NedoStudio,13,0.16951965570898575,0.5638715927014115,0.0765931372549019,0.025131032475413723,0.2475816396308609
721,Phoenix Reborn Games,10,0.14784903750238634,0.4904791959818435,0.2432598039215686,0.0,0.24754288270470198
722,Uzura Studio,10,0.03945795053743444,0.6360982468247913,0.0765931372549019,0.18,0.2469583841865198
723,IO Games,10,0.21681504978300667,0.5160519321780023,0.0765931372549019,0.0,0.24601947452843337
724,LunarCore Games,12,0.12920015805728605,0.5572385592482603,0.0765931372549019,0.11740838373263761,0.24532150810540423
725,Boom Games,14,0.13925381217992958,0.45423642807019154,0.2714460784313725,0.03232064645033161,0.244147075337857
726,Zloy Krot Studio,13,0.17673052884141482,0.4833791242770288,0.1642156862745098,0.025131032475413723,0.24348221450381782
727,Black Phoenix Studio,13,0.07772241800001427,0.6313131313131313,0.0765931372549019,0.07128487862925986,0.24260814493931374
728,United Independent Entertainment,62,0.21038714241457235,0.2842914461259123,0.2806372549019608,0.18186803498249057,0.24233058991063974
729,Studio Inward,12,0.059697574610964824,0.6757178764098002,0.0765931372549019,0.01740838373263764,0.24153939904765373
730,BadLand Publishing,10,0.1581548891038082,0.568723991902127,0.0765931372549019,0.0,0.24129003620795136
731,Zombie Developer,12,0.0484890823063319,0.4080915891260719,0.0765931372549019,0.5674083837326376,0.23982854055591374
732,bitComposer Interactive GmbH,12,0.040869968756187446,0.3802717741361159,0.4675245098039216,0.11740838373263761,0.23950218082618033
733,Blaze Epic,14,0.07044185891986868,0.5975710474730429,0.0765931372549019,0.11803493216461727,0.23694983213953985
734,Individual Software,69,0.04208701542541858,0.4913995207362554,0.2261029411764706,0.19284745096347816,0.23629801749958895
735,War Child Gaming,12,0.03329564220687902,0.6873015873015873,0.0765931372549019,0.01740838373263764,0.23577383597375987
736,Triority Interactive Novels,16,0.0337077285804838,0.6523741595887473,0.0765931372549019,0.08286365600091905,0.23525812873091176
737,Phoenixxx Games,32,0.05127093967387508,0.445925706528151,0.204656862745098,0.2832342661769566,0.23513905331986465
738,wow wow Games,21,0.08060742005737853,0.48825554272041194,0.0765931372549019,0.3008029584182648,0.23512833104992614
739,Displacement Studios,16,0.25272983022762974,0.3538629474946008,0.167892156862745,0.045363656000919045,0.2349973046007375
740,Reddiamondgames,26,0.0298487873054824,0.5463856255785882,0.0765931372549019,0.301265068008488,0.23487115088274885
741,Louie Inc,34,0.051518550846681485,0.5710549546486734,0.0765931372549019,0.19120415641075938,0.23334723010353484
742,Dharker Studios Ltd,13,0.0298487873054824,0.6792716990039429,0.0765931372549019,0.025131032475413723,0.23331686758039413
743,GFI,12,0.11084304037914913,0.5238044488850033,0.1727941176470588,0.01740838373263764,0.23310647988751057
744,Boom Team,30,0.11352427108780333,0.4732014444766844,0.1715686274509804,0.10796914044610673,0.23220302478084856
745,William at Oxford,57,0.151241476107176,0.3609066258750174,0.2107843137254902,0.18377720666654165,0.23092994814509613
746,Ready To Play,14,0.1096466830155284,0.46615050431461047,0.0765931372549019,0.24660636073604586,0.2305310719112053
747,Tamashii,19,0.09611679436572533,0.5377306335639669,0.0765931372549019,0.1254573347038898,0.22909729575375776
748,Hede,62,0.18613442229431817,0.310122215161459,0.1801470588235294,0.23025513175668408,0.22875139387965754
749,Chun Y.,14,0.061143721434309684,0.579955123224354,0.0765931372549019,0.11803493216461727,0.22841070674498754
750,Half-Face Games,16,0.10052011212776327,0.5689108337157982,0.0765931372549019,0.045363656000919045,0.22797846521057483
751,Brewsterland Studios,20,0.08422703353572761,0.5466889287612972,0.0765931372549019,0.12738376880553398,0.2279123331377043
752,Ripknot Systems,62,0.12275387284700656,0.40716049715442354,0.1703431372549019,0.18186803498249057,0.22646083734113334
753,Neki4 Electronics,25,0.04730920857119131,0.5081105646246507,0.0765931372549019,0.257639913579474,0.22295600687521364
754,Studio Six,11,0.054503008072178616,0.5088441152166642,0.0765931372549019,0.22724910583775806,0.22113528071690583
755,azimuth team,17,0.2566382834891414,0.36043227473257833,0.0765931372549019,0.051320023986060115,0.22096971268986237
756,GamesBraz,13,0.2720915822460315,0.30028388278388274,0.0765931372549019,0.11743872478310599,0.21825165478972217
757,Ahlman Game Studio,12,0.06554266066011144,0.5901695461011851,0.0765931372549019,0.01740838373263764,0.21792068007227058
758,ZangGames,13,0.0298487873054824,0.6264997541039208,0.0765931372549019,0.025131032475413723,0.2174852841103875
759,Little Black Book Entertainment,21,0.045292711665643165,0.4943962908436592,0.0765931372549019,0.24366010127540771,0.21603897897836438
760,Hede Games,16,0.14387649662349186,0.18900751320098744,0.3584558823529412,0.23286365600091904,0.2136797526492445
761,PhoenixFire Games,14,0.10088219713107673,0.524130359189341,0.0765931372549019,0.03232064645033161,0.21271460117120927
762,MCGame,12,0.07997856342180304,0.37920052052217657,0.0765931372549019,0.3674083837326377,0.21218253836516004
763,TigerQiuQiu,25,0.08263965280925956,0.5146951373141849,0.0765931372549019,0.089639913579474,0.2120970341653978
764,Jhinbrush,12,0.04730920857119131,0.5069008070151281,0.0765931372549019,0.16740838373263764,0.20905835011533144
765,Cicada_Dancing,10,0.057488746994967505,0.10777777777777775,0.3247549019607843,0.6,0.2074053751737288
766,Anamik Majumdar,52,0.08200037524208792,0.39334675280573106,0.0765931372549019,0.30231795752093527,0.20737047825557076
767,Playtouch,10,0.11718632160593234,0.4936223620341767,0.0765931372549019,0.0,0.20442054862330972
768,Indie Games Publisher,13,0.13653637282209974,0.38517416225749557,0.0765931372549019,0.16359257093695215,0.20319749225650677
769,CritoGames,12,0.03945795053743444,0.4892219514516892,0.0765931372549019,0.11740838373263761,0.19350675313448482
770,INFINITE BRIDGE,29,0.0760068796318428,0.4521030063659774,0.0765931372549019,0.10455217629716795,0.19323476367649378
771,beans rolls,30,0.08522685552887352,0.4195560412717275,0.0765931372549019,0.14796914044610668,0.19321021033452035
772,Silver Cow Studio,11,0.033595731905073103,0.5396462143094517,0.0765931372549019,0.009067287655939919,0.19033109105898247
773,Shoho Games,11,0.16005507566135022,0.39085210473078114,0.0765931372549019,0.009067287655939919,0.18995362850007827
774,Evil Bunneh,10,0.0298487873054824,0.4816900637196336,0.0765931372549019,0.12,0.1882727221237893
775,Sabrina Aridi,14,0.09215995218857446,0.3669593307721459,0.1856617647058823,0.03232064645033161,0.18432423240637102
776,Uintani,10,0.0319498233822886,0.5187216889390802,0.0765931372549019,0.0,0.18211757231650544
777,DIG Publishing,52,0.03466079475530808,0.4059152262162509,0.0765931372549019,0.16385641905939682,0.17380293633912303
778,cBlck,16,0.11006583388985208,0.36044936703637687,0.0765931372549019,0.045363656000919045,0.1687810278234795
779,Dystopian Edge Publishing,10,0.1522031056202688,0.3329124579124579,0.0765931372549019,0.0,0.16846345179181182
780,3000AD,11,0.17867783561747,0.2380608761640644,0.1605392156862745,0.009067287655939919,0.16742344160097972
781,Kedexa,33,0.030496358868303305,0.3983717040535222,0.0765931372549019,0.13577700402957357,0.16587041487537924
782,CodeRenderX,18,0.0298487873054824,0.2714616402116402,0.0765931372549019,0.3902875980931416,0.16574733478536252
783,CasGames,13,0.07652533145522536,0.3725531290893561,0.0765931372549019,0.07128487862925986,0.16456116398150508
784,MCG,11,0.048594757690461184,0.35012665474621996,0.0765931372549019,0.17270365129230353,0.16327033676035332
785,Sinnera,24,0.0298487873054824,0.40708166255041256,0.0765931372549019,0.0855527987614394,0.1607231215872389
786,EJRGames,10,0.08269836266632989,0.3564423637750409,0.0765931372549019,0.0,0.1511957635167081
787,Metal Fox,23,0.05528678025184086,0.2860890406391462,0.0765931372549019,0.08129881750277629,0.13269053535628497
788,Astero,12,0.03945795053743444,0.3319580610021786,0.0765931372549019,0.01740838373263764,0.13132758599963165
789,Fury Games Production,13,0.05050049775261756,0.2968960084344699,0.0765931372549019,0.025131032475413723,0.12583225906604956
790,SunshineOvercast,12,0.0298487873054824,0.3234265686951109,0.0765931372549019,0.01740838373263764,0.12540493117632812
791,JY,11,0.0298487873054824,0.2940474583895636,0.0765931372549019,0.009067287655939919,0.11534003367315929
792,Pix Arts,16,0.05097859142833919,0.208123754552326,0.0765931372549019,0.08286365600091905,0.10802780921673474
,ALPHY,12,0.03329564220687902,,0.0765931372549019,0.01740838373263764,
,Anima Games,10,0.08719770526287209,,0.3247549019607843,0.42,
,Bennaction,14,0.04730920857119131,,0.0765931372549019,0.03232064645033161,
,Casual Arts,39,0.03621586612193208,,0.454656862745098,0.3345309698138841,
,Click on things together,10,0.0298487873054824,,0.0765931372549019,0.6,
,Dinosaur workshop,11,0.07583288525032905,,0.3039215686274509,0.6090672876559399,
,Encore Software LLC,10,0.0298487873054824,,0.6458333333333334,0.0,
,Gaming Factory S.A.,14,0.0952965838733979,,0.4901960784313725,0.03232064645033161,
,HUNTERS,21,0.045919968822909746,,0.0765931372549019,0.12937438698969345,
,Inoa Games,12,0.0298487873054824,,0.0765931372549019,0.6174083837326376,
,Kedronic UAB,10,0.07715799587667373,,0.6188725490196079,0.0,
,LH Games Limited,11,0.0298487873054824,,0.0765931372549019,0.22724910583775806,
,LoadUpGames.com,22,0.08982557126622792,,0.0765931372549019,0.29504558041007434,
,Michael Richard Lannon,14,0.08611226985516443,,0.0765931372549019,0.5466063607360458,
,OG Games,13,0.07140024973117641,,0.0765931372549019,0.6251310324754137,
,Paul Connor,17,0.09141563405403721,,0.0765931372549019,0.15720237692723657,
,Pixel After Pixel,10,0.0298487873054824,,0.3247549019607843,0.06,
,Pokies4fun,11,0.0298487873054824,,0.0765931372549019,0.22724910583775806,
,Queen's Court,13,0.06051784126742632,,0.0765931372549019,0.5789771863215676,
,QuickBobber,37,0.0298487873054824,,0.0765931372549019,0.12918579460664464,
,Schwan OG,10,0.0298487873054824,,0.3247549019607843,0.6,
,Soomka Games,11,0.02784550994812244,,0.0765931372549019,0.39088546947412167,
,SupaGames,13,0.10013798671382822,,0.0765931372549019,0.025131032475413723,
,magnussoft,52,0.05212121602101699,,0.4485294117647059,0.4177025729055507,
